Ingredient name,Type of ingredient,Synonyms
achiote,,
achiote paste,,
acidulated water,,
acini di pepe,pasta,
ackee,,
acorn squash,vegetable,
active dry quick rise yeast,,
active dry yeast,,
adobo sauce,,
adobo seasoning,,
advocaat,,
adzuki beans,,aduki beans
agar,,agar-agar
agave nectar,,
agnolotti,pasta,
ahi tuna,fish,
aioli,,
ajwain,,
aka miso,,
ale,,
aleppo,,
aleppo pepper,,
alfalfa sprouts,,
alfredo sauce,,alfredo pasta sauce
all purpose flour,,
all purpose seasoning,,
all purpose unbleached flour,,
all-purpose flour,,plain flour
allspice,,
allspice berries,,
almond,,
almond butter,,
almond essence,,
almond extract,,
almond flour,,
almond liqueur,,
almond meal,,
almond milk,,
almond paste,,
almonds,,
alouette,,
alphabet pasta,pasta,
amaranth,,
amaranth seeds,,
amaretti,,
amaretti cookies,,
amaretto,,
amaretto liqueur,,
amchur,,
america,,
ampalaya,,
anardana,,
ancho,,
ancho chile pepper,,ancho chili
ancho chiles,,
ancho powder,,
anchovies,,
anchovies in oil,,
anchovy essence,,
anchovy fillets,,
anchovy paste,,
andouille chicken sausage,,
andouille sausage,,
andouille sausage links,,
anelli,pasta,
angel food cake,,
angel food cake mix,,
angel hair pasta,pasta,angel hair
angelica,,
angostura bitters,,
anise,,
anise extract,,
anise liqueur,,
anise seed,,
anjou pears,,
annatto,,
annatto oil,,
annatto powder,,
annatto seeds,,
aonori,,
apple,,
apple brandy,,
apple butter,,
apple cider,,
apple cider vinegar,,
apple jelly,,
apple juice,,
apple juice concentrate,,
apple pie filling,,
apple pie spice,,
apples,,
applesauce,,apple sauce
apricot,,
apricot jam,,
apricot nectar,,
apricot preserves,,
apricots,,
arame,vegetable,
arbol chile,,
arborio rice,,
arepa flour,,
argan oil,,
armagnac,,
armenian cucumber,fruit,
arracacha,vegetable,
arrowroot,,
arrowroot powder,,
arrowroot starch,,
artichoke,,
artichoke heart,,
artichoke hearts,,
artichokes,,
arugula,,
asadero,,
asafetida,,
asafetida powder,,
asafoetida,,
asafoetida powder,,
asiago cheese,cheese,asiago
asiatic pennywort,vegetable,"gotu kola, kodavan, indian pennywort"
asparagus,,
asparagus bean,vegetable,
asparagus spears,,
ataulfo,,
au jus gravy mix,,
au jus mix,,
avocado,,
avocado leaves,,
avocado oil,,
azuki bean,,
baby arugula,,
baby back ribs,,baby-back ribs
baby beets,,
baby bell peppers,fruit,
baby bok choy,,
baby carrots,,
baby corn,,
baby eggplants,vegetable,
baby gem lettuce,,
baby greens,,
baby kale,,
baby lima beans,,
baby octopus,,
baby okra,,
baby portobello mushrooms,,
baby potatoes,,
baby radishes,,
baby spinach,,
baby spinach leaves,,
baby turnips,,
back bacon rashers,,
bacon,,
bacon bits,,
bacon drippings,,
bacon fat,,
bacon grease,,
bacon pieces,,
bacon slices,,
bagel,,
baguette,,
baked beans,,
baked ham,,
baked pizza crust,,
baked potato,,
baked tortilla chips,,
baking apples,,
baking chocolate,,baking bar
baking mix,,
baking potatoes,,
baking powder,,
baking soda,,
baking spray,,
baking yeast,,
balm,,
balsamic vinaigrette,,
balsamic vinaigrette salad dressing,,
balsamic vinegar,,
bamboo shoots,,
banana,,
banana bread,,
banana chips,,
banana flower,,
banana leaves,,
banana liqueur,,
banana peppers,,
banana pudding,,
banana stem,vegetable,banana pith
bananas,,
banh trang,,
barbary duck,,
barbecue sauce,,
barbecue seasoning,,
barbecued pork,,
barilla,,
barley,,
barley flour,,
barracuda,fish,
bartlett pears,,
basa,fish,
base,,
base sauce,,
basil,,
basil leaves,,
basil mayonnaise,,
basil pesto sauce,,
basmati rice,,
bass,fish,
bass fillets,fish,
baton,,
batter,,
bawang goreng,,
bay boletes,,
bay leaf,,
bay leaves,,
bay scallops,,
bbq sauce,,
bean,,
bean curd stick,,
bean dip,,
bean paste,,
bean sauce,,
bean threads,,
beans,,
beansprouts,,
beaten eggs,,
beaujolais,,
bechamel sauce,,bechamel
bee pollen,,
beef,,
beef base,,
beef bones,,
beef bouillon,,
beef bouillon granules,,
beef brisket,,
beef broth,,
beef consomme,,
beef demi-glace,,
beef dripping,,
beef drippings,,
beef fat,,
beef fillet,,
beef gravy,,
beef heart,,
beef kidney,,
beef liver,,
beef rib eye steaks,,
beef rib short,,
beef ribs,,
beef round,,
beef rump,,
beef sausage,,
beef shank,,
beef short ribs,,
beef sirloin,,
beef sirloin steak,,
beef steak,,
beef stew meat,,
beef stock,,
beef stock cubes,,
beef strips,,
beef tenderloin,,
beef tenderloin steaks,,
beef top round steak,,
beefsteak tomatoes,,beef tomatoes
beer,,
beet greens,,
beets,,beetroot
belgian endive,vegetable,
bell pepper,pepper,
bell peppers,pepper,
beluga caviar,,
bengali 5 spice,,
beni shoga,,
berries,,
berry,,
betel leaves,,
beurre manie,,
bhindi,,
bibb lettuce,,
bicarbonate of soda,,
big jim pepper,pepper,
bigoli,pasta,
bilberries,,
bing cherries,,
bird's-eye chillies,,"thai chillies, piri-piri"
biryani masala,,
biscotti,,
biscuit baking mix,,
biscuit dough,,
biscuit mix,,
biscuits,,
bitter chocolate,,
bitter melon,fruit,
bitter orange juice,,
bittersweet baking chocolate,,
bittersweet chocolate,,
bittersweet chocolate chips,,
black bass,,
black bean,,
black bean garlic sauce,,
black bean sauce,,
black beans,,
black bream,,
black cardamom pods,,
black chickpeas,,
black cod fillets,,
black currant,,"blackcurrant, casis"
black currant juice drink,,
black forest ham,,
black fungus,,
black lentil,vegetable,"urad dal, black gram"
black mission figs,,
black mushrooms,,
black mustard seeds,,
black olives,,
black onion seeds,,
black pepper,,
black peppercorns,,
black pudding,,
black quinoa,,
black rice vinegar,,
black salt,,
black sesame seeds,,
black sticky rice,,
black tea,,
black tea leaves,,
black treacle,,
black truffles,,
black turtle beans,,
black vinegar,,
black walnut,,
black winter truffles,,
blackberries,,
blackberry,,
blackberry brandy,,
blackberry jam,,
black-eyed peas,,black-eyed beans
blade steak,,top blade steak
blanched almond flour,,
blanched almonds,,
blend,,
blended whiskey,,
blini,,
blood orange,,
bloody mary mix,,
blowfish,fish,
blue cheese,,
blue cheese dressing,,
blue corn tortilla chips,,
blue crabs,,
blue pea,vegetable,"asian pigeonwings, bluebellvine, butterfly pea, cordofan pea, darwin pea, blue ternate"
blueberries,,
blueberry,,
blueberry jam,,
bluefish,,
boar,,
bok choy,,paksoi
bologna sausage,,
bombay duck,fish,"bummalo, bombil, boomla"
bonito,,
bonito flakes,,
borage,vegetable,
borage greens,vegetable,
borlotti beans,,
bosc pears,,
boston butt,,
bouillon,,
bouillon cube,,
bouillon shrimp,,
bouquet garni,,
bourbon whiskey,,bourbon
boursin,,
boursin cheese,,
bows,,
bow-tie pasta,,
boy choy,,
braeburn apple,,
braised seitan,,
braising steak,,
bramley apple,,
bran,,
brandy,,
brandy butter,,
brandy snaps,,
brats,,
bratwurst,,
bread,,
bread and butter pickles,,
bread ciabatta,,
bread crumbs,,
bread dough,,
bread flour,,
bread loaves,,
bread machine yeast,,
bread mix,,
bread roll,,
bread rolls,,
bread sauce,,
bread slices,,
bread yeast,,
breadcrumbs,,
breaded chicken fillets,,
breadfruit,fruit,
breadnut,fruit,ramon
breadsticks,,
breakfast pork sausage,,
breakfast sausages,,breakfast links
bream,fish,
bresaola,,
brewed coffee,,
brewed espresso,,
brie cheese,cheese,brie
brill,fish,
brine,,
brine cured green olives,,
brine-cured black olives,,
brine-cured olives,,
brioche,,
brioche bread,,
brioche buns,,
brisket,,
broad beans,,
broccoli,,
broccoli florets,,
broccoli rabe,,
broccoli sprouts,vegetable,
broccoli stems,vegetable,
broccolini,vegetable,
broccolini flowers,vegetable,
broiler-fryer chicken,,
broiler-fryers,,
broth,,
brown basmati rice,,
brown bread,,
brown butter,,
brown cardamom,,
brown chicken stock,,
brown dark sugar,,
brown gravy mix,,
brown gravy seasoning mix,,
brown hash potato,,
brown lentil,,
brown lentils,,
brown mushroom,,
brown mustard,,
brown mustard seeds,,
brown rice,,
brown rice flour,,
brown rice syrup,,
brown sauce,,
brown shrimp,,
brown sugar,,
browning,,
brussels sprouts,,
bucatini,pasta,
buckwheat flour,,buckwheat
buckwheat honey,,
buckwheat noodles,,
buckwheat soba noodles,,
buffalo,,
buffalo meat,,
buffalo sauce,,
bulb,,
bulgur,,
bulgur wheat,,
bun flour,,
buns,,
burdock,,
burger,,
burger buns,,
burger style crumbles,,
burgundy,,
burgundy wine,,
burrata,,
busiate,pasta,
butter,,
butter beans,,
butter cake mix,,
butter cookies,,
butter cooking spray,,
butter crackers,,
butter fish,fish,
butter flavor shortening,,
butter lettuce,,
butter oil,,
butter pecan cake mix,,
butter pecan ice cream,,
buttercream frosting,,buttercream icing
butter-flavored spray,,
butterhead lettuce,,
butter-margarine blend,,
buttermilk,,
buttermilk biscuits,,
buttermilk cornbread,,
butternut squash,vegetable,
butterscotch chips,,
buttery spread,,
button mushrooms,,
cabbage,,
cabbage leaves,,
cabernet sauvignon,,
cacao powder,,
cachaca,,
caciocavallo,,
caciotta,,
cactus,,
cactus paddles,,
caerphilly,cheese,
caesar salad dressing,,caesar dressing
caigua,fruit,
cajun seasoning,,
cajun seasoning mix,,
cajun spice mix,,
cake,,
cake batter,,
cake flour,,
cake mix,,
cake pound prepar,,
cake yeast,,
cal,,
calabash,,
calabaza,,
calamansi,,
calamansi juice,,
calamarata,pasta,
calamari,,
calamata olives,,
calasparra rice,,
calf liver,,
california bay leaves,,
calimyrna figs,,
callaloo,,
calvados,,
camas bulbs,vegetable,
camembert,,
campagne loaf,,
campanelle,pasta,
campari,,
canadian bacon,,
candied cherries,,
candied citron,,
candied flowers,,
candied ginger,,
candied mixed citrus peel,,
candied orange peel,,
candied peel,,
candied pineapple,,
candy,,
candy bar,,
candy canes,,
candy melts,,
candy sprinkles,,
cane sugar,,
cane syrup,,
cane vinegar,,
canela,,
cannellini beans,,
cannelloni,pasta,
cannoli shells,,
canola,,
canola mayonnaise,,
canola oil,,
cantal,,
cantaloupe,,
cape gooseberries,,
capellini,pasta,
capers,,
capicola,,
capon,,
caponata,,
cappelletti,pasta,
capsicum,,
caramel,,
caramel ice cream topping,,
caramel sauce,,
caramels,,
caraway leaves,vegetable,
caraway seed,,
caraway seeds,,
carbonated water,,
carcass,,
cardamom,,
cardamom pods,,
cardamom seeds,,
cardamon,,
cardoon,vegetable,artichoke thistle
caribbean jerk seasoning,,
carnaroli rice,,
carne asada,,
carne seca,,
carnitas,,
carob,,
carp,fish,
carrageen moss,,
carrot,,
carrot greens,,
carrots,,
casarecce,pasta,
cascatelli,pasta,
cashew,,
cashew nuts,,
cashews,,
casings,,
casoncelli,pasta,
cassava,,
cassia cinnamon,,
cassis,,
caster sugar,,
casunziei,pasta,
catfish,,
catfish fillets,fish,cat fish filets
catsear,vegetable,"flatweed, cat's ear, hairy cat's ear, false dandelion"
catsup,,
caul fat,,
cauliflower,,
cauliflower florets,,
cauliflowerets,,
cava,,
cavatappi,pasta,
cavatelli,pasta,
caviar,,
cavolo nero,,
cayenne,,
cayenne pepper,,
celery,,
celery cabbage,,
celery flakes,,
celery heart,,
celery leaves,,
celery ribs,,
celery root,,"celeriac, knob celery"
celery salt,,
celery seed,,
celery seeds,,
celery stick,,
cencioni,pasta,
center cut bacon,,
center cut loin pork chop,,
center cut pork chops,,
center-cut salmon fillet,,
cepe,,
cereal,,
chaat masala,,
chablis,,
chai tea,,
challa,,
chambord,,
chamomile tea,,
champagne,,
champagne vinegar,,
chana dal,,
channa dal,,
chanterelle,,chanterelle mushrooms
chapati,flatbread,
chapati flour,,
chapatis,,
char fillets,,
char siu,,
char siu sauce,,
chard,,
chardonnay,,
charlotte potato,,
chat masala,,
chaurice,,
chayote,,
chayotes,,
cheddar,,
cheddar cheese,,
cheese,,
cheese blend,,
cheese croutons,,
cheese dip,,
cheese ravioli,,
cheese sauce,,
cheese slices,,
cheese tortellini,,
celtuce,vegetable,"stem lettuce, celery lettuce, asparagus lettuce, chinese lettuce"
chenpi,,
cherries,,
cherry,,
cherry brandy,,
cherry peppers,,
cherry pie filling,,
cherry preserves,,
cherry tomatoes,,
cherrystone clams,,
chervil,,
chestnut,,
chestnut flour,,
chestnut honey,,
chestnut mushrooms,,
chestnuts,,
chevre,,
chia seeds,,
chianti,,
chicken,,
chicken base,,
chicken bones,,
chicken bouillon,,
chicken bouillon granules,,
chicken breast,,
chicken breast fillets,,
chicken breast strips,,
chicken breast tenders,,
chicken breasts,,
chicken broth,,
chicken carcass,,
chicken consomme soup mix,,
chicken cutlet,,
chicken cutlets,,
chicken drumsticks,,
chicken fingers,,
chicken flavor stuffing mix,,
chicken flavored rice,,
chicken gizzards,,
chicken leg,,
chicken leg quarters,,
chicken leg with thigh,,
chicken legs,,
chicken liver,,
chicken livers,,
chicken meat,,
chicken nugget,,
chicken parts,,
chicken pieces,,
chicken salad,,
chicken sausage,,
chicken sausages,,
chicken seasoning mix,,
chicken stock,,
chicken stock cubes,,
chicken strips,,
chicken tenderloin,,
chicken thigh,,
chicken thigh fillets,,
chicken thighs,,
chicken wing,,
chicken wings,,
chicken-apple sausage,,
chicken-flavored soup powder,,
chickens,,
chickpea,vegetable,"garbanzo, gram, bengal gram, garbanzo bean, egyptian pea"
chickpea flour,,
chickpeas,,
chickweed,vegetable,"starweed, satin flower, mouse ear"
chicory,,
chiffonade,,
chihuahua cheese,,
chile de arbol,,
chile negro,,
chile pods,,
chilli,,"chili, chile"
chilli bean paste,,"chili bean paste, chile bean paste"
chilli bean sauce,,"chili bean sauce, chile bean sauce"
chilli beans,,"chili beans, chile beans"
chilli con carne,,chili con carne
chilli flakes,,"chili flakes, chile flakes"
chilli garlic paste,,chili garlic paste
chilli garlic sauce,,"chili garlic sauce, chile garlic sauce"
chilli leaf,,"chili leaf, chile leaf"
chilli oil,,"chili oil, chile oil"
chilli paste,,"chili paste, chile paste"
chilli paste with garlic,,chili paste with garlic
chilli pepper,,"chili pepper, chile pepper"
chilli pepper flakes,,"chili pepper flakes, chile pepper flakes"
chilli peppers,,"chili peppers, chile peppers"
chilli powder,,"chili powder, chile powder"
chilli puree,,"chili puree, chile puree"
chilli sauce,,"chili sauce, chile sauce"
chilli seasoning,,chili seasoning
chillies,,"chilis, chiles"
chimichurri,,
chinese artichoke,vegetable,
chinese cabbage,,
chinkiang vinegar,,
chipotle,,
chipotle chile,,
chipotle chile powder,,
chipotle peppers,,chipotle chilies
chipotle sauce,,
chipotles in adobo,,
chips,,crisps
chive blossoms,,
chive flowers,,
chives,,
chocolate,,
chocolate baking bar,,
chocolate bars,,
chocolate biscuit,,
chocolate brownies,,
chocolate cake,,
chocolate cake mix,,
chocolate candy bars,,
chocolate chips,,
chocolate chunks,,
chocolate cookie,,
chocolate curls,,
chocolate frosting,,
chocolate ice cream,,
chocolate instant pudding,,
chocolate milk,,
chocolate morsels,,
chocolate mousse,,
chocolate sandwich cookies,,
chocolate sauce,,
chocolate shavings,,
chocolate sprinkles,,
chocolate syrup,,
chocolate truffle,,
cholent,,
chop pork,,
chorizo,,
chorizo sausage,,
choux pastry,,
chow mein noodles,,
choy sum,,
chrysanthemum,,
chuck,,
chuck eye steak,,
chuck short ribs,,
chuck steaks,,
chutney,,
ciabatta,,
ciabatta loaf,,
ciabatta roll,,
ciabatta rolls,,
cider,,
cider vinegar,,
cilantro,,
cilantro leaves,,
cilantro root,,
cilantro sprigs,,
cilantro stems,,
cinnamon,,
cinnamon hot candy,,
cinnamon stick,,
cinnamon sticks,,
cinnamon sugar,,
cipollini onions,,
citric acid powder,,
citron,,
citrus,,
citrus fruit,,
citrus rind,,
citrus vinaigrette,,
clam,seafood,
clam juice,,
clams,seafood,
clams well scrub,,
clarified butter,,
clear honey,,
clementine,,
clotted cream,,
cloud ear fungus,,
cloud ears,,
clove,,
cloves,,
club soda,,
coars ground black pepper,,
coarse kosher salt,,
coarse salt,,
coarse sea salt,,
coarse sugar,,
coarse-grain salt,,
coca-cola,,
cockle,seafood,
cockles,seafood,
cocktail cherries,,
cocktail sauce,,
coco,,
cocoa,,
cocoa butter,,
cocoa nibs,,
cocoa powder,,
coconut,,
coconut aminos,,
coconut butter,,
coconut cream,,
coconut extract,,
coconut flakes,,
coconut flour,,
coconut juice,,
coconut meat,,
coconut milk,,
coconut milk yogurt,,
coconut oil,,
coconut rum,,
coconut sugar,,
coconut vinegar,,
coconut water,,
cod,,
cod fillets,,
cod fish,,
cod roe,,
codfish,,
coffee,,
coffee beans,,
coffee essence,,
coffee extract,,
coffee granules,,
coffee ice cream,,
coffee liqueur,,
cognac,,
cointreau,,
cointreau liqueur,,
coke,,
cola,,
cola soft drink,,
cola-flavored carbonated beverage,,
colby,,
colby cheese,cheese,
colby jack cheese,cheese,colby jack
coleslaw,,
coleslaw mix,,
coleslaw seasoning blend,,
collard,,
collard green leaves,,
collard greens,,
collards,,
color food green,,
color food orang,,
compressed yeast,,
comte,cheese,
conch,seafood,
conchiglie,pasta,
condensed milk,,
condiments,,
confectioners sugar,,
confit,,
confit duck leg,,
converted rice,,
cookie crumbs,,
cookies,,
cool whip,,
coriander,,
coriander powder,,
coriander seeds,,
corkscrew pasta,,
corn,,maize
corn bread,,
corn bread mix,,
corn chips,,
corn flakes,,
corn flour,,
corn grits,,
corn husks,,
corn kernel whole,,
corn kernels,,
corn mix muffin,,
corn oil,,
corn salsa,,
corn starch,,cornstarch
corn syrup,,
corn tortilla chips,,
corn tortillas,,
cornbread,,
cornbread crumbs,,
cornbread mix,,
corncobs,,
corned beef,,salt beef
cornflake cereal,,
cornflake crumbs,,
cornflakes,,
cornflour,,
cornichons,,
cornish hens,,
cornmeal,,
corn-on-the-cob,,
cortland apples,,
corzetti,pasta,
cotechino,,
cotija cheese,cheese,cotija
cottage cheese,cheese,
coulis,,
courgette flowers,edible flower,
court bouillon,,
couscous,,
cowpea,vegetable,cow pea
crab,seafood,
crab apple,,
crab boil,,
crab leg,seafood,
crab meat,seafood,
crab sticks,seafood,
crabmeat,seafood,
crabs,seafood,
cracked black pepper,,
cracked green olives,,
cracked peppercorn,,
cracked wheat,,
cracker crumbs,,
cracker crusts,,
crackers,,
cranberries,,
cranberry,,
cranberry beans,,
cranberry juice,,
cranberry juice cocktail,,
cranberry sauce,,
crawfish,,crayfish
crawfish fat,,
cream,,
cream cheese,cheese,
cream cheese frosting,,
cream cheese lowfat,,
cream cheese soften,,
cream cheese spread,,
cream cheese with chives and onion,,
cream liqueur,,
cream of coconut,,
cream of tartar,,
cream sherry,,
cream soda,,
cream style corn,,
cream sweeten whip,,
cream yogurt,,
creamed coconut,,
creamed spinach,,
crema,,
crema mexican,,
crema mexicana,,
creme anglaise,,
creme de cacao,,
creme de cassis,,
creme de menthe,,
creme fraiche,,
cremini,,
cremini caps,,
cremini mushrooms,,
creole mustard,,
creole seasoning,,
creole style seasoning,,
crepe,,
crepes,,
crescent rolls,,
cress,,
crimini mushrooms,,
crisco,,
crisco shortening,,
crispbread,,
crispy chow mein noodles,,
croissant,,
croissants,,
crosswise,,
crostini,,
croutons,,
crumble topping,,
crustaceans,seafood,
crusty bread,,
crystallized ginger,,
cuban peppers,,
cube steaks,,
cubed beef,,
cubed ham,,
cubed meat,,
cubed pork,,
cubed potatoes,,
cubed pumpkin,,
cucamelon,fruit,"mexican miniature watermelon, mexican sour cucumber, mexican sour gherkin, mouse melon, pepquinos"
cucumber,vegetable,
culantro,,
cumberland sauce,,
cumin,,
cumin seed,,"cuminseed, cumin seeds"
cup cake,,
cupcakes,,
curacao,,
curd,,
curd cheese,,
curd cottage cheese,,
curds,,
cured beef,,
cured pork,,
curing salt,,
curly endive,,
curly parsley,,
curly-leaf parsley,,
currant,,
currant bread,,
currants,,
curry,,
curry leaf,,
curry leaves,,
curry paste,,
curry powder,,
curry sauce,,
curry sauce mix,,
custard,,
custard powder,,
cutlet,,
cuttlefish,fish,cuttles 
daal,,
dabberlocks,vegetable,"badderlocks, winged kelp"
daikon,,
daikon sprouts,,
dal,,
damsons,fruit,
dandelion,,
dandelion greens,,
danish blue,cheese,
dark beer,,
dark brown sugar,,
dark chocolate,,
dark corn syrup,,
dark leafy greens,,
dark meat,,
dark molasses,,
dark muscovado sugar,,
dark rum,,
dark sesame oil,,
dark soy,,
dark soy sauce,,
dasheen,,
dashi,,
dashi kombu,,
dashi powder,,
date sugar,,
dates,,
day old bread,,
daylily,edible flower,day lily
decorating sugars,,
deli ham,,
demerara sugar,,
demi-glace sauce,,demi-glace
dende oil,,
dessert wine,,
deviled ham,,
devil's food cake mix,,
digestive biscuit,,
dijon mustard,,
dill,,
dill pickle spear,,
dill pickles,,
dill seed,,
dill tips,,
dill weed,,
dillweed,,
dolcelatte,cheese,
dinner rolls,,
dipping sauces,,
distilled vinegar,,
ditalini,pasta,ditalini pasta
doenzang,,
dogfish,,
dorade,fish,
doritos,,
doubanjiang,,
double cream,,
double crust pie,,
double-acting baking powder,,
dough,,
dover sole,fish,"common sole, black sole"
dragon fruit,fruit,"pitaya, pitahaya, strawberry pear"
dream whip,,
dressing,,
drippings,,
drummettes,,
drumstick,,
dry roast peanuts,,
dubliner cheese,,
duck,,
duck breast,,
duck breasts,,
duck drumsticks,,
duck fat,,
duck liver,,
duck stock,,
ducklings,,
dulce de leche,,
dulse,vegetable,"sea lettuce flakes, dillisk, dilsk red dulse"
dumpling wrappers,,
dumplings,,
durian,fruit,
duxelles,,
ear of corn,,
edam cheese,cheese,
edamame,,
edamame beans,,
edible flowers,,
eel,fish,
eelgrass,vegetable,seagrass
egg,,
egg beaters,,
egg bread,,
egg noodles,,
egg pasta,,
egg roll wrappers,,
egg substitute,,
egg white,,
egg whites,,
egg yolk,,
egg yolks,,
eggnog,,
eggplant,vegetable,aubergine
eggplants,vegetable,aubergines
eggs,,
elbow macaroni,,
elbow pasta,,
elderberries,fruit,
elderflower,,
elderflower syrup,,
elephant ear,vegetable,
elephant foot yam,vegetable,
elephant garlic,vegetable,
emerils essence,,
emerils original essence,,
emmenthal,cheese,emmental
empanada,,
enchilada sauce,,
enchilada seasoning,,
echinoderm,seafood,
endive,vegetable,
enokitake,,
epazote,,
erythritol,,
escargot,meat,
escarole,vegetable,
espresso,,
essence,,
evaporated cane juice,,
evaporated milk,,
evaporated skim milk,,
extra virgin coconut oil,,
extra virgin olive oil,,extra-virgin olive oil
fagottini,pasta,
fajita seasoning mix,,
fajita size flour tortillas,,
farfalle,pasta,
farfallini,,
farina,,
farmer cheese,,
farro,,
fat,,
fatback,,
fava bean,,
fava beans,,
fen szu,,
fennel,,
fennel bulb,,
fennel seeds,,
fenugreek,,
fenugreek leaf,,
fenugreek leaves,,
fenugreek seeds,,
fermented black beans,,
feta cheese,cheese,feta
feta cheese crumbles,,
fettuccine,pasta,fettuccine pasta
fideos,,
fiddlehead,vegetable,
field mushroom,vegetable,
field peas,vegetable,
fig,,
fig jam,,
figs,,
fileja,pasta,
filet mignon,,
filet powder,,
fillet red snapper,,
fillets,,
filo,,
filo dough,,
fine salt,,
fine sea salt,,
fingerling,,
fingerling potatoes,,
fiori,pasta,
firm silken tofu,,
firm tofu,,
fish,fish,
fish bones,,
fish bouillon cube,,
fish fillets,,
fish flakes,,
fish paste,,
fish roe,,
fish sauce,,
fish stock,,
fishcake,,
five spice,,
five-spice powder,,
flageolet beans,,
flaked,,
flaked coconut,,
flank steak,,
flanken short ribs,,
flapjacks,,
flat anchovy,,
flat iron steaks,,
flat leaf parsley,,
flatbread,,
flatfish,fish,
flavored oil,,
flaxseed,,flax seeds
fleur de sel,,
florence fennel,vegetable,
flounder,,
flounder fillets,,
flour,,
flour ,,
flour tortilla,,
flour tortillas,,
flowerets,,
fluted gourd,vegetable,"fluted pumpkin, ugu, ikong-ubong"
flying fish,fish,
focaccia,,
foglie d'ulivo,pasta,
foie gras,,
foie gras medallions,,
fondant,vegetable,
fondant icing,,
fondant potatoes,vegetable,
fontina,,
fontina cheese,,
food colouring,,food dye
four cheese ravioli,pasta,
fortified wine,drink,
fowl,,
fraise,,
framboise liqueur,drink,
frangelico,drink,
frangipane,,
frankfurter,meat,
fregula,pasta,
french fries,,
fresca,,
fresno chiles,,
fresno pepper,,
friggitello,pepper,
frisee,,
fritos,,
fromage blanc,cheese,
fromage frais,cheese,
fronds,,
frosting,,
fructose,,
fruit,fruit,
fruit brandy,,
fruit cake,,
fruit cocktail,drink,
fruit juice,drink,
fry mix,,
fryer chickens,,
frying oil,,
fudge,,
fuji apple,,
furikake,,
fusi,pasta,
fusilli,pasta,
fuyu persimmons,,
gac,fruit,
gala apples,,
galanga,,
galangal,,
galo,fruit,galonut
game,meat,
gammon,,
garam masala,,
garbanzo beans,,
garden peas,,
garganelli,pasta,
gari,,
garland chrysanthemum,,
garlic,,
garlic bread,,
garlic bulb,,
garlic chili sauce,,
garlic chives,,
garlic cloves,,
garlic flakes,,
garlic oil,,
garlic paste,,
garlic powder,,
garlic puree,,
garlic salt,,
garlic sauce,,
garlic shoots,,
garnish,,
gelatin,,gelatine
gelato,,
gemelli,pasta,
genoa salami,,
genoise,,
ghee,,
gherkin,vegetable,"baby pickles, small cucumbers"
gherkins,vegetable,
giardiniera,,
giblet,meat,
giblets,meat,
gin,,
ginger,,
ginger ale,,
ginger beer,,
ginger biscuit,,
ginger garlic stir fry sauce,,
ginger juice,,
ginger paste,,
ginger piece,,
ginger puree,,
ginger root,,
ginger syrup,,
gingerbread,,
gingerroot,,
gingersnap,,
gingersnap cookies,,
gingersnap crumbs,,
glace cherries,,
glass noodles,,
glaze,,
glazed doughnuts,,
globe artichoke,vegetable,
gloucester,cheese,
glucose,,
gluten,,
gnetum,vegetable,
gnocchi,,
goat,,
goat cheese,cheese,
goat milk,drink,
gobo root,,
gochugaru,,
gochujang base,,
goji berries,,
gold potatoes,,
gold tequila,,
golden beets,,
golden brown sugar,,
golden cake mix,,
golden caster sugar,,
golden delicious apples,,
golden pineapple,,
golden raisins,,
golden syrup,,
golden zucchini,,
gomashio,,
good king henry,vegetable,"poor-man's asparagus, perennial goosefoot, lincolnshire spinach, markery, english mercury, mercury goosefoot"
goose,,
goose fat,,
gooseberries,fruit,
gooseberry,fruit,
gorgonzola,,
gorgonzola dolce,,
gouda cheese,cheese,gouda
grain,,
grain bread,,
grain dijon mustard,,
grain mustard,,
grain rice,,
grains of paradise,,
gram flour,,
gran marnier,,
grana padano,,
grand marnier,,
granny smith apples,,
granola,,
granulated garlic,,
granulated sugar,,
granulated white sugar,,
grape jelly,,
grape juice,,
grape leaves,,
grape tomatoes,,
grapefruit,,
grapefruit juice,,
grapes,,
grapeseed oil,,
grappa,,
grass-fed butter,,
grating cheese,,
gravy,,
great northern beans,,
greater plantain,vegetable,"broadleaf plantain, white man's footprint, waybread"
greek yoghurt,,
green apples,,
green bean,vegetable,"common bean, string bean, field bean, flageolet bean, french bean, garden bean, haricot bean, pop bean, snap bean"
green beans,,
green bell pepper,,
green bell pepper slice,,
green cabbage,,
green cardamom,,
green cardamom pods,,
green chile,,
green chile sauce,,
green chiles,,
green chilies,,
green curry paste,,
green enchilada sauce,,
green garlic,,
green gram,,
green grape,,
green leaf lettuce,,
green lentil,,
green olives,,
green onion bottoms,,
green onions,,
green papaya,,
green peas,,
green peperoncini,,
green pepper,,
green peppercorns,,
green plantains,,
green split peas,,
green tea,,
green tea leaves,,
green tea powder,,
green tomatoes,,
greengages,fruit,
greens,,
gremolata,,
grenadine,,
grenadine syrup,,
grey mullet,fish,
grill seasoning,,
grit quick,,
grits,,
ground allspice,,
ground almonds,,
ground beef,,beef mince
ground black pepper,,
ground blanched almonds,,
ground cacao,,
ground cardamom,,
ground cayenne pepper,,
ground chicken,,
ground chicken breast,,
ground chile,,
ground chipotle chile pepper,,
ground chuck,,
ground cinnamon,,
ground cloves,,
ground coffee,,
ground coriander,,
ground cornmeal,,
ground cumin,,
ground elder,vegetable,
ground fennel,,
ground flax,,
ground ginger,,
ground hazelnuts,,
ground lamb,,
ground lemongrass,,
ground meat,,
ground mustard,,
ground nutmeg,,
ground nuts,,
ground oregano,,
ground paprika,,
ground peanut,,
ground pecans,,
ground pepper,,
ground poppy seed,,
ground pork,,
ground pork fat,,
ground red pepper,,
ground round,,
ground sage,,
ground sausage,,
ground sichuan pepper,,
ground sirloin,,
ground sumac,,
ground thyme,,
ground tumeric,,
ground turkey,,
ground turkey breast,,
ground turmeric,,
ground veal,,
ground walnuts,,
ground white pepper,,
groundnut,,
grouper,,
grouse,meat,
gruyere cheese,cheese,gruyere
guacamole,,
guajillo,,
guajillo chile powder,,
guajillo chiles,,
guanciale,,
guar,vegetable,"guar bean cluster bean,  gavar, gawar"
guava,,
guava paste,,
guinea fowl,meat,
guinea hens,meat,
guinness beer,drink,
gumbo,,
gumbo base,,
gumbo file,,
gumdrops,,
gurnard,fish,
guso,vegetable,
gyoza,,
gyoza skins,,
gyoza wrappers,,
habanero,,
habanero chile,,habanero pepper
habanero chillies,,
haddock,,
haddock fillet,,
haddock fillets,,
haggis,,
hake,fish,
halibut,,
halibut fillet,,
halibut fillets,,
halloumi cheese,cheese,halloumi
ham,,
ham butt,,
ham hock,,
ham hocks,,
ham steak,,
ham stock cube,,
hamburger,,
hamburger buns,,
hand,,
hard cider,,
hard salami,,
hard shelled clams,,
hare,meat,
haricot beans,vegetable,
haricots verts,vegetable,
harissa,,
harissa paste,,
hash brown,,
hash browns,,
hass avocado,,
havarti cheese,,
hazelnut,,
hazelnut liqueur,,
hazelnut oil,,
hazelnut paste,,
hazelnuts,,cobnuts
head cauliflower,,
head on shrimp,,
heart of palm,vegetable,
hearts of palm,vegetable,
hearts of romaine,,
heavy cream,,
heavy whipping cream,,
heirloom tomatoes,,
hemp seeds,,
herb,,
herb dressing,,
herb mix,,
herb sauce,,
herb seasoned stuffing mix,,
herbal liqueur,drink,
herbal tea,drink,
herbed goat cheese,,
herbes de provence,,
herbs,,
herbsaint,,
herring,fish,
herring fillets,fish,
hibiscus,,
hibiscus flowers,,
hijiki,vegetable,
himbabao,edible flower,
hoagie rolls,,
hog casings,,
hogget,meat,second year lamb
hoisin sauce,,
hoki,fish,blue grenadier
hollandaise sauce,,
hominy,,
hominy grits,,
honey,,
honeycomb,,
honey gold potatoes,,
honey mustard dressing,,
honeydew melon,,
hong kong-style noodles,,
horse gram,,
horseradish,,
horseradish cream,,
horseradish root,,
horseradish sauce,,
hot bean paste,,
hot cherry pepper,,
hot chili,,
hot chili oil,,
hot chili paste,,
hot chili powder,,
hot chili sauce,,
hot chocolate mix,,
hot cross buns,,
hot curry powder,,
hot dog,,
hot dog bun,,
hot dog rolls,,
hot dogs,,
hot fudge topping,,
hot green chile,,
hot paprika,,
hot pepper,,
hot pepper sauce,,
hot red pepper flakes,,
hot sauce,,
hot sausage,,
hot sausages,,
hothouse cucumber,vegetable,
hummus,,
hungarian wax pepper,pepper,
hunza apricots,fruit,
hushpuppy mix,,
hyacinth bean,vegetable,dolichos bean
ice,,
ice cream,,
ice cubes,,
ice water,,
iceberg lettuce,,
icing,,
idaho potatoes,,
idli,,
ilish,fish,"ilishi, hilsa, hilsa herring, hilsa shad"
imitation crab meat,,
indian bay leaf,,
instant banana cream pudding,,
instant chocolate pudding mix,,
instant coffee,,
instant espresso granules,,
instant espresso powder,,
instant rice,,
instant tea powder,,
instant yeast,,
irish whiskey,,
ivy gourd,fruit,"scarlet gourd, tindora, kowai fruit"
jack,,
jack cheese,,
jack daniels,,
jackfruit,,
jaggery,,
jalape,,
jalapeno chilies,,jalapeno
jam,,
jamaican jerk seasoning,,
jambalaya mix,,
jambalaya rice mix,,
january king cabbage,vegetable,
jasmine,,
jasmine flowers,,
jasmine rice,,
jeera,,
jelly,,
jerk paste,,
jerk seasoning,,
jersey royal potatoes,vegetable,
jerusalem artichoke,vegetable,"sunroot, sunchoke, wild sunflower, topinambur, earth apple"
jerusalem artichokes,vegetable,
jicama,vegetable,"mexican yam bean, mexican turnip"
jimmies,,
john dory,fish,
juice,,
juice concentrate,,
jujube,fruit,
jumbo pasta shells,,
jumbo shells,,
jumbo shrimp,,
juniper berries,,
jus,,
kabanos,meat,kabana
kabocha squash,vegetable,
kabuli channa,,
kaffir lime,,
kaffir lime leaves,,
kahlua,,
kahlua liqueur,,
kai-lan,vegetable,"gai lan, chinese broccoli, chinese kale, jie lan"
kaiser rolls,,
kalamata,,
kalamata olives,,
kale,,
kale leaves,,
kale sprouts,vegetable,
kapas-kapas,edible flower,
karo syrup,,
kasha,,
kasseri,,
kasuri methi,,
kataifi,,
katakuriko,,
katsuo bushi,,
kazunoko,roe,
kecap manis,,
keema,,
kefalotiri,,
kelp,,
kelp noodles,,
kencur,vegetable,
kernel corn,,
kernel corn drain,,
ketchup,,
ketjap manis,,
kewra water,,
key lime,,
key lime juice,,
kidney,,
kidney beans,,
kielbasa,,
kim chee,,
kimchi,,
kimchi juice,,
kinchay,,
king crab,,
king crab legs,,
king edward,vegetable,king edward potato
king oyster mushroom,,
king prawns,,
king salmon,,
kipper,fish,
kirby cucumbers,vegetable,
kirsch,,
kiwano,fruit,"cuke-a-saurus, african horned cucumber, horned melon, spiked melon, jelly melon"
kiwi fruits,fruit,kiwis
kiwifruit,fruit,"kiwi fruit, kiwi"
knockwurst,,
komatsuna,vegetable,japanese mustard spinach
kochujang,,
kohlrabi,vegetable,
konbu,vegetable,kombu
konbu dashi,,
konnyaku,,
kosher salt,,
krachai,,
kumquat,fruit,
kumquats,fruit,
kurrat,vegetable,egyptian leek
lacinato kale,,
lady fingers,,
ladyfingers,,
lager,,
lager beer,,
lagos bologi,vegetable,
lamb,meat,
lamb bouillon cube,,
lamb breast,meat,
lamb chop,meat,
lamb chops,meat,
lamb fillet,meat,
lamb kidney,meat,
lamb kidneys,meat,
lamb leg,meat,
lamb leg steaks,meat,
lamb liver,meat,
lamb loin,meat,
lamb loin chops,meat,
lamb mince,meat,
lamb neck,meat,
lamb rib chops,meat,
lamb rump,meat,
lamb shank,meat,
lamb shanks,meat,
lamb shoulder,meat,
lamb shoulder chops,meat,
lamb steaks,meat,
lamb stew meat,meat,
lamb stock,meat,
lamb's lettuce,vegetable,"cornsalad, corn salad"
lamb's quarters,vegetable,"white goosefoot, pigweed, dungweed, baconweed, wild spinach, fat hen"
lamprey,fish,
land cress,vegetable,landcress
landang,vegetable,
langoustine,,
langoustines,,
lanterne,pasta,
lapsang,,
lard,,
lardons,,
lasagna,,
lasagna noodles,,
lasagna sheets,,lasagne sheets
lasagne,pasta,
lasagnette,pasta,
laughing cow,,
laurel leaves,,
lavender,,
lavender blossoms,,
lavender flowers,,
lavender honey,,
laver,vegetable,
laverbread,,
leaf,,
leaf celery,vegetable,chinese celery
leaf lettuce,,
lean bacon,,
lean beef,,
lean ground beef,,
lean ground meat,,
lean ground pork,,
lean ground turkey,,
lean meat,,
lean minced beef,,
leek,,
leeks,,
leftover meat,,
leg of lamb,,
legumes,,
lemon,,
lemon balm,,
lemon curd,,
lemon extract,,
lemon flavor instant pudding mix,,
lemon flavor yogurt,,
lemon grass,,
lemon juice,,
lemon lime soda,,
lemon peel,,
lemon pepper,,
lemon pepper seasoning,,
lemon rind,,
lemon slices,,
lemon sole,fish,
lemon thyme,,
lemon verbena,,
lemon wedge,,
lemon zest,,
lemonade,,
lemonade concentrate,,
lemongrass,,
lemon-lime soda,,
lengkuas,vegetable,"greater galangal, blue ginger"
lentilles du puy,,
lentils,,
lesser galangal,vegetable,
lettuce,,
lettuce hearts,,
lettuce leaves,,
licorice,,
lily buds,,
lily flowers,,
lima beans,,
lime,,
lime cordial,,
lime juice,,
lime leaves,,
lime peel,,
lime pickle,,
lime rind,,
lime slices,,
lime wedges,,
lime zest,,
limeade,,
limeade concentrate,,
ling,fish,
lingcod,fish,
lingonberry,fruit,"ling cod, buffalo cod, cultus cod"
linguettine,pasta,
linguica,,
linguine,pasta,
linguini,,
linguisa,,
liqueur,,
liquid,,
liquid aminos,,
liquid egg whites,,
liquid non-dairy creamer,,
liquid smoke,,
liquid stevia,,
liquor,,
liquorice,,
little gem lettuce,vegetable,
littleneck clams,,
liver,,
liver pate,,
liverwurst,,
lizard's tail,vegetable,
lo mein noodles,,
loaf,,
lobster,seafood,
lobster meat,seafood,
lobster tails,seafood,
lobsters,seafood,
loganberry,fruit,
loin,,
loin pork chops,,
long beans,,
long grain brown rice,,
long grain rice,,
long grain white rice,,
long green beans,,
long green chili peppers,,
long green pepper,,
long-grain brown rice,,
long-grain rice,,
loose black tea,,
lop chong,,
lorighittas,pasta,
loroco,edible flower,
lotus roots,,
lotus seed paste,,
louisiana hot sauce,,
lovage,,
luffa,fruit,loofah
lump crab meat,,
lumpfish,fish,
lumpfish roe,roe,
lumpia skins,,
lumpia wrappers,,
luncheon meat,,
lychee,,
lychees,,
m&m candies,,
m&m candy,,
macadamia nuts,,
macaroon,,
macaroni,pasta,
mace,,
mackerel,,
madeira cake,,
madeleines,cake,
madras curry powder,,
mafaldine,pasta,
maggi,,
mahi mahi,,
mahi mahi fillets,,
mahimahi,,
maida flour,,
maitake mushrooms,,
malabar spinach,vegetable,
malbec,,
mallow,vegetable,
malt vinegar,,
malted milk powder,,
manchego,cheese,manchego cheese
mandarin,,
mandarin oranges,,
mandarin pancakes,,
mangetout,,
mango,,
mango chutney,,
mango juice,,
mango pickle,condiment,
mango salsa,,
mangosteen,fruit,
manicotti,,
manicotti pasta,,
manicotti shells,,
manioc flour,,
manzanilla,,
manzanilla olives,fruit,
manzanilla sherry,,
maple extract,,
maple sugar,,
maple syrup,,
maraschino cherries,fruit,
marcona almonds,,
margarine,,
margarita mix,,
marinade,,
marinara sauce,,
marjoram,,
marmalade,,
marmite,,
marrow,vegetable,
marrow bones,,
marrowfat peas,,
marsala wine,,
marshmallow creme,,
marshmallow,,
marshmallows,,
marzipan,,
masa,,
masa dough,,
masa harina,,
masago,roe,
masala,,
mascarpone,,
mashua,vegetable,
masoor dal,,
matcha,drink,matcha tea
matcha green tea powder,,
matsutake mushrooms,,
matzo meal,,
matzo,,
matzos,,
maui onion,,
mayonnaise,,
meat,,
meat bones,,
meat cuts,,
meat fats,,
meat loaf mixture,,
meat sauce,,
meat tenderizer,,
meatballs,,
meatloaf,,
medjool date,,
medjool dates,,
medlars,fruit,
megrim,fish,
mellow white miso,,
melon,,
melon liqueur,,
melon seeds,,
melted butter,,
melted fat,,
mentaiko,,
mentsuyu,,
merguez,,
merguez sausage,,
meringue,,
meringue shells,,
merlot,,
merluza,,
mesclun,,
methi,,
methi leaves,,
mexicorn,,
mezcal,,
mezzelune,pasta,
mi,,
microgreens,,
milk,,
milk chocolate,,
milk chocolate chips,,
milk powder,,
milk yoghurt,,
millet,,
millet flour,,
min,,
minced beef,,
minced chicken,,
minced meat,,
minced pork,,
miner's lettuce,vegetable,
mini chocolate chips,,
mini filo tartlet shells,,
mini marshmallows,,
miniature semisweet chocolate chips,,
mint,,
mint flakes,,
mint jelly,,
mint leaves,,
mint sauce,,
mint sprigs,,
mint syrup,,
minute rice,,
miracle whip,,
mirin,,
mirlitons,,
miso,,
miso paste,,
mission figs,,
mitsuba,,
mixed berries,,
mixed fruit,,
mixed greens,,
mixed herbs,,
mixed mushrooms,,
mixed nuts,,
mixed spice,,
mixed thawed vegetables,,
mixed vegetables,,
mizuna greens,vegetable,"mizuna, japanese mustard greens, spider mustard, konya"
mo hanh,,
mochi,,
molasses,,
molasses sugar,,
mole paste,,
mole sauce,,
molokheyya,vegetable,"mulukhiyah, molokhia, mulukhiyyah, denje'c'jute, nalta jute, tossa jute, jute mallow, jew's mallow"
monk's beard,vegetable,
monkfish,,
monkfish fillets,,
monterey jack,,
monterey jack cheese,,
montreal steak seasoning,,
moong dal,,
mora chiles,,
morel,,
moringa,edible flower,moringa leaves
mortadella,,
moscato,,
moscato d'asti,,
moth bean,vegetable,"matki, dew bean, mat bean"
moulard duck breast,,
mozzarella,,
mozzarella balls,,
mozzarella cheese,,
mozzarella stick,,
mozuku,,
muenster cheese,cheese,
muffin mix,,
muffins,,
mulato chiles,,
mulberries,fruit,
mullet,,
multigrain bread,,
mung bean noodles,,
mung bean sprouts,,
mung beans,,
muscadine grapes,,
muscovado sugar,,
mushroom,,
mushroom broth,,
mushroom caps,,
mushroom marinara,,
mushroom powder,,
mushroom sauce,,
mushroom soy sauce,,
mushrooms,,
mussel,seafood,
mussels,seafood,
mustard,,
mustard cress,,
mustard greens,,
mustard leaves,,
mustard oil,,
mustard powder,,
mustard sauce,,
mustard seeds,,
mutton,meat,lamb older than two years
naan,,naan bread
nam pla,,
nama yuba,,
napa cabbage,,
napa cabbage leaves,,
nashi pear,fruit,
nasturtium,,
nautilus,seafood,
navel oranges,,
navy beans,,
nectarine,fruit,
nectarines,fruit,
nen dzem fen,,silver pin noodles
nettle,,stinger
new potatoes,,
new zealand spinach,vegetable,"cook's cabbage, tetragon"
neutral oil,,
nibbed almonds,,
nicoise olives,,
nigella seeds,,
no-chicken broth,,
non stick spray,,
nonstick spray,,
noodles,,
nopal,vegetable,
nopales,vegetable,
nori,,
nori paper,,
nori sheets,,
nougat,,
nuoc nam,,
nut,fruit,
nut butter,,
nutella,,
nutmeg,,
nutmegs,,
nutritional yeast,,
nutritional yeast flakes,,
nuts,fruit,
oat bran,,
oat flour,,
oatcakes,,
oatmeal,,
oats,,
occhi di lupo,pasta,
octopus,,
octopuses,,
offal,meat,"variety meats, pluck meats,organ meats"
ogonori,vegetable,
oil,,
oil cured olives,,
oil-cured black olives,,
oily fish,fish,
okra,,
okra pods,,
old bay seasoning,,
old ginger,,
old-fashioned oats,,
olivada,,
olive,fruit,
olive oil,,
olive oil cooking spray,,
olive oil flavored cooking spray,,
olive oil mayonnaise,,
olive oil spray,,
olive tapenade,,
olives,fruit,
onion,,
onion flakes,,
onion powder,,
onion salt,,
onion slices,,
onion soup mix,,
onion tops,,
onions,,
opal basil,,
orache,vegetable,saltbush
orange,,
orange bell pepper,,
orange bitters,,
orange blossom honey,,
orange extract,,
orange flower water,,
orange glaze,,
orange juice,,
orange juice concentrate,,
orange lentils,,
orange liqueur,,
orange marmalade,,
orange oil,,
orange peel,,
orange rind,,
orange roughy,fish,red roughy
orange segments,,
orange slices,,
orange soda,,
orange zest,,
oranges,,
orecchiette,pasta,
oregano,,
oregano leaves,,
oreo cookies,,
organic butter,,
organic cane sugar,,
organic chicken,,
organic chicken broth,,
organic vegetable broth,,
orzo,pasta,orzo pasta
osetra caviar,,
ouzo,,
oxtail,,
oxtails,,
oyster,,
oyster mushrooms,,
oyster sauce,,
oysters,,
paccheri,,
pace picante sauce,,
padron peppers,,
pak choi,vegetable,pak choy
palm oil,,
palm sugar,,
palm vinegar,,
palmyra sprout,vegetable,
pan drippings,,
pancake,,
pancake mix,,
pancakes,,
pancetta,,
pancetta slices,,
panch phoron,,
pancit canton,,
pandan extract,,
pandanus leaf,,"pandan leaves, fragrant screwpine, vanilla grass"
paneer cheese,cheese,paneer
panettone,,
panko,,
panko breadcrumbs,,
papaya,vegetable,
papaya leaves,vegetable,
pappardelle,pasta,pappardelle pasta
paprika,,
paracress,vegetable,"toothache plant, sichuan buttons, buzz buttons, tingflowers, electric daisy"
parboiled rice,,
parma ham,,
parmagiano reggiano,,
parmesan,,
parmesan cheese,,
parmesan romano,,
parmigiano reggiano cheese,,"parmigiana reggiano, parmigiano-reggiano"
parmigiano-reggiano cheese,,
parrotfish,fish,
parsley,,
parsley flakes,,
parsley leaves,,
parsley root,,
parsley sprigs,,
parsnip,vegetable,
parsnips,vegetable,
part-skim mozzarella,,
part-skim mozzarella cheese,,
part-skim ricotta cheese,,
partridge,meat,
pasilla chiles,,
passata,,
passatelli,pasta,
passion fruit,,
passion fruit juice,,
passover cake meal,,
pasta,,
pasta rotel,,
pasta sauce,,
pasta shapes,,
pasta sheets,,
pasta shell small,,
pasta shells,,
pasta spiral,,
pasta water,,
pasteurized process cheese spread,,
pastis,,
pastrami,,
pastry,,
pastry cream,,
pastry dough,,
pastry flour,,
pastry for single crust pie,,
pastry puff sheets,,
pastry shell,,
patagonian toothfish,fish,
pate,meat,
patis,,
paw-paw,fruit,pawpaw
pea pods,vegetable,
pea shoots,,
peach,,
peach jam,,
peach nectar,,
peach pie filling,,
peach preserves,,
peach puree,,
peach schnapps,,
peach slices,,
peach yogurt,,
peaches,,
peaches in heavy syrup,,
peanut,vegetable,"earthnut, goober"
peanut butter,,
peanut oil,,
peanut sauce,,
peanuts,,
pear,,
pear juice,,
pear liqueur,,
pear nectar,,
pear tomatoes,,
pearl barley,,
pearl couscous,,
pearl onions,,
pearl tapioca,,
pears,,
peas,,
peasant bread,,
pecan,,
pecans,,
pecorino,,
pecorino cheese,,
pecorino romano cheese,,
pectin,,
penne,pasta,penne pasta
penne rigate,,
peperoncini,,
pepitas,,
peppadews,,
pepper,,
pepper flakes,,
pepper jack,,
pepper jack cheese,,
pepper leaves,,
pepper sauce,,
pepper vodka,,
peppercorn,,
peppercorns,,
peppered bacon,,
peperoncino,,
peppermint baking chips,,
peppermint extract,,
peppermint oil,,
pepperoncini,,
pepperoni,,
pepperoni slices,,
pepperoni turkei,,
peppers,vegetable,
perch,fish,
perciatelli,,
perilla,,
pernod,,
perry,beverage,
persian cucumber,vegetable,
pesto,,
pesto sauce,,
pesto sauce mix,,
petite peas,,
pheasant,meat,
philadelphia cream cheese,,
phyllo,,
phyllo dough,,
phyllo pastry,,
phyllo sheets,,
picante sauce,,
piccalilli,,mustard pickle
picholine olives,,
pici,pasta,
pickle,,
pickle juice,,
pickle relish,,
pickled carrots,,
pickled garlic,,
pickled jalapeno peppers,,
pickled jalapenos,,
pickled okra,,
pickled onion,,
pickled radish,,
pickled vegetables,,
pickles,,
pickling cucumbers,,
pickling liquid,,
pickling salt,,
pickling spices,,
pico de gallo,,
pie crust,,
pie crusts,,
pie dough,,
pie filling,,
pie pumpkin,,
pie shell,,
piecrust,,
piecrusts,,
pies,,
pig,,
pig cheeks,,
pig feet,,
pig's ear,meat,
pigeon,,
pigeon peas,,
pignut,,
pike,fish,northern pike
pilchard,fish,
pillus,pasta,
piloncillo,,
pilsner,,
piment,,
pimento stuffed green olives,,
pimento stuffed olives,,
pimenton,,
pimentos,,pimientos
pine nut,,
pine nuts,,
pineapple,,
pineapple chunks,,
pineapple juice,,
pineapple juice concentrate,,
pineapple preserves,,
pineapple rings,,
pineapple slices,,
pineapples in juice,,
pinenuts,,
pinipig,,
pink beans,,
pink fir apple,vegetable,
pink food coloring,,
pink grapefruit,,
pink himalayan salt,,
pink peppercorn,,
pink peppercorns,,
pink salmon,,
pinot noir,,
pinto beans,,
pippin apples,,
piquillo peppers,,
pistachio,,
pistachio nuts,,
pistachios,,
pistou,,
pita bread,,"pitta bread, pita"
pita bread rounds,,
pita loaves,,
pita pockets,,
pita rounds,,
pitas,,
pitted black olives,,
pitted cherries,,
pitted date,,
pitted green olives,,
pitted kalamata olives,,
pitted olives,,
pitted prunes,,
pizza crust,,
pizza crusts,,
pizza dough,,
pizza doughs,,
pizza mix,,
pizza sauce,,
pizza shells,,
pizzoccheri,pasta,
plaice,fish,
plantain,fruit,green banana
plantains,fruit,
plum,,
plum jam,,
plum sauce,,
plum tomatoes,,
plum wine,,
plums,,
poblano,,
poblano chiles,,
poblano chilies,,
poblano pepper,,
poblano peppers,,
poha,,
pointed gourd,fruit,"parwal, parval, potol, patol, green potato"
polenta,,
polenta prepar,,
pollock,fish,"coley, saithe , boston blue, pollack"
pomegranate,,
pomegranate juice,,
pomegranate molasses,,
pomegranate seeds,,
pomegranate syrup,,
pomelo,,
pomfret,fish,
pompano,fish,
ponzu,,
popcorn,,
poppy seed filling,,
poppy seeds,,
poppyseeds,,
popsicle,,
porcini mushrooms,,
pork,,
pork baby back ribs,,
pork belly,,
pork bones,,
pork butt,,
pork chop,,
pork chops,,
pork country-style ribs,,
pork cutlets,,
pork fat,,
pork fillet,,
pork heart,,
pork hocks,,
pork lard,,
pork leg,,
pork liver,,
pork loin,,
pork loin chops,,
pork meat,,
pork mince,,
pork rib chops,,
pork ribs,,
pork rind,,
pork rub,,
pork sausages,,pork links
pork shoulder,,
pork shoulder boston butt,,
pork shoulder butt,,
pork spare rib,,
pork spare ribs,,pork spareribs
pork steaks,,
pork stew meat,,
pork stock,,
pork strips,,
pork tenderloin,,
pork top loin chops,,
port,,
port wine,,
porter,,
porterhouse steaks,,
portobello caps,,
portabello mushroom,,
portobello mushrooms,,
posole,,
pot stickers,,
potassium carbonate,,
potato,,
potato chips,,
potato flakes,,
potato flour,,
potato gnocchi,,
potato puree,,
potato slider buns,,
potato starch,,
potato sticks,,
potato wedges,,
potatoes,,
pote brisee,,
poultry,meat,
poultry seasoning,,
pound cake,,
poussin,meat,
powdered buttermilk,,
powdered gelatin,,
powdered milk,,
powdered sugar,,"icing sugar, confectioners' sugar"
prairie turnip,vegetable,timpsula
praline,,
praline paste,,
prawn,,
prawn crackers,,
prawns,,
preserves,,
pressed tofu,,
pretzels,,
process cheese spread,,
processed cheese,,
promis spread stick,,
promise buttery spread,,
prosciutto,,
proscuitto,,
provolone cheese,,
prune,,
prune juice,,
prunes,,
pudding,,
puff pastry,,
puff pastry sheets,,
puffed rice,,
pumpernickel,,
pumpernickel bread,,
pumpkin,,
pumpkin butter,,
pumpkin flower,edible flower,
pumpkin pie filling,,
pumpkin pie spice,,
pumpkin puree,,
pumpkin seed,,
pumpkin seed oil,,
pumpkin seeds,,
pumpkinseed kernels,,
pure acai puree,,
pure maple syrup,,
pure olive oil,,
pure vanilla extract,,
purple bell peppers,,
purple grapes,,
purple onion,,
purple sprouting broccoli,,
puy lentils,,
quail,,
quail's egg,,
quail eggs,,
quatre-epices,spice,
queso anejo,,
queso asadero,,
queso blanco,,
queso fresca,,
queso fresco,,
queso manchego,,
queso panela,,
queso ranchero,,
quince,fruit,
quinces,fruit,
quinoa,,
quinoa flour,,
rabbit,,
rack of lamb,,
radiatori,pasta,
radicchio,,
radicchio leaves,,
radish,,
radish sprouts,,
radishes,,
ragu sauce,,
rainbow chard,vegetable,
rainbow trout,fish,
raisins,,
raita,,
ramen,,
ramen noodles,,
ramen soup mix,,
ramps,,
ranch dressing,,
ranch dressing mix,,
rapeseed oil,,
rapid rise yeast,,
rapini,,
ras el hanout,spice,ras-el-hanout
raspberries,,
raspberry,,
raspberry jam,,
raspberry juice,,
raspberry preserves,,
ratafia biscuits,,
ravioli,pasta,
ravva,,
raw almond,,
raw cane sugar,,
raw cashews,,
raw honey,,
raw milk,,
raw pistachios,,
raw sugar,,
raw tiger prawn,,
recaito,,
recipe crumbles,,
red apples,,
red bean paste,,
red beans,,
red beets,,
red bell pepper,,
red cabbage,,
red capsicum,,
red chile peppers,,
red chile powder,,
red chile sauce,,
red chili,,
red chili peppers,,
red chili powder,,
red currant jelly,,
red currants,,
red curry paste,,
red enchilada sauce,,
red food coloring,,
red grape,,
red grapefruit juice,,
red grapes,,
red horseradish,,
red jalapeno peppers,,
red kidnei beans,,
red kidney beans,,
red leaf lettuce,,
red leicester,cheese,
red lentil,,
red lentils,,
red miso,,
red mullet,fish,
red onion,,
red onions,,
red pepper,,
red pepper flakes,,
red pepper hot sauce,,
red peppers,,
red potato,,
red quinoa,,
red radishes,,
red rice,,
red rice vinegar,,
red russian kale,,
red serrano peppers,,
red snapper,,
red sockeye,,
red spinach,vegetable,
red swiss chard,,
red vermouth,,
red vinegar,,
red wine,,
red wine vinegar,,
redcurrant,fruit,
redcurrant jelly,condiment,redcurrant sauce
refried beans,,
refried black beans,,
regular or convert rice,,
regular sour cream,,
regular soy sauce,,
relish,,
remoulade,,
rendered bacon fat,,
rendered duck fat,,
rennet,,
reposado,,
rhubarb,,
rib eye steaks,,
rib of beef,,
rib pork chops,,
rib tips,,
rice,,
rice cakes,,
rice chex,,
rice crackers,,
rice flour,,
rice milk,,
rice noodles,,
rice paper,,
rice pilaf,,
rice stick noodles,,
rice sticks,,
rice syrup,,
rice vermicelli,,
rice vinegar,,
rice wine,,
rice bean,vegetable,ricebean
rich chicken stock,,
ricotta,,
ricotta cheese,,
ricotta salata,,
ricotta salata cheese,,
ridged gourd,vegetable,"angled luffa, chinese okra, dish cloth gourd, sponge gourd, vegetable gourd, strainer vine, ribbed loofah, silky gourd, silk gourd, sinkwa towelsponge"
ridged ziti,,
riesling,,
rigatoni,pasta,
rioja,,
ripe olives,,
risotto,,
risotto mix,,
risotto rice,,
ritz crackers,,
rock candy syrup,,
rock salt,,
rock shrimp,,
rock sugar,,
rocket,vegetable,
rocket leaves,vegetable,
roe,roe,
rolled oats,,
rolls,,
roma tomatoes,,
romaine lettuce,vegetable,cos lettuce
romaine lettuce leaves,vegetable,
romano cheese,cheese,
rome apples,,
root beer,,
root vegetable,,
root vegetables,,
roquefort,,
roquefort cheese,,
rose extract,,
rose leaves,,
rose petals,,
rose syrup,,
rose water,,
rose wine,,
rosehip syrup,,
rosemary,,
rosemary leaves,,
rosemary sprigs,,
rosewater,,
rotel pasta,pasta,
rotel tomatoes,,
rotelle,pasta,
roti,flatbread,
rotini,,
rotini pasta,,
rotisserie chicken,,
rouget,,
rouille,sauce,
round loaf,,
round steak,,
round steaks,,
rounds,,
roux,,
royal fern,vegetable,
royal icing,,
rub,,
rubbed sage,,
ruby port,,
rum,,
rum extract,,
rum syrup,,
rump steak,meat,rump
runner beans,vegetable,
runny honey,,
russet,,
russet potatoes,,
rutabaga,,
rye,,
rye bread,,
rye flour,,
rye meal,,
rye whiskey,,
saba,,
sablefish,fish,black cod
sacchettoni,pasta,
safflower,,
safflower oil,,
saffron,,
saffron threads,,
sage,,
sage leaves,,
sagnarelli,pasta,
sago,,
sake,,
saki,,
salad,,
salad cream,condiment,
salad dressing,,
salad dressing mix,,
salad greens,,
salad leaves,,
salad oil,,
salami,,
salmon,,
salmon caviar,,
salmon fillet,fish,
salmon fillets,fish,
salmon roe,roe,ikura
salmon steaks,,
salsa,,
salsa seasoning mix,,
salsa verde,,
salsify,vegetable,
salt,,
salt cod,,
salt pork,,
saltine crackers,,soda crackers
saltine crumbs,,
saltines,,
sambal chile paste,,
sambal olek,,
sambal ulek,,
sambhar powder,,
sambuca,,
samphire,vegetable,"glasswort, sea beans, baby asparagus"
sanddab,fish,
sandia pepper,pepper,sandia chile pepper
sanding sugar,,
sandwich bread,,
sandwich cookies,,
sandwich rolls,,
sandwiches,,
sansho,,
sardine,,
sardines,,
sashimi,fish,
sato imo,,
satsuma,,
satsuma imo,,
sauce,,
sauce mix,,
sauces,,
sauerkraut,,
sausage,,
sausage casings,,
sausage links,,
sausages,,
saucisson,meat,
sauvignon blanc,,
savoiardi,,
savory,,
savoy cabbage,,
sazon goya,,
scallion greens,,
scallions,,
scallop,,
scallops,,
scialatelli,pasta,
scorzonera,vegetable,
scotch bonnet chile,pepper,scotch bonnet chilli
scotch whisky,,
scrag end,meat,
sculpit,vegetable,stridolo
sea bass,,
sea bass fillets,,
sea beet,vegetable,
sea bream,fish,
sea cucumber,seafood,
sea grape,vegetable,
sea kale,vegetable,
sea lettuce,vegetable,
sea salt,,
sea salt flakes,,
sea scallops,,
sea trout,fish,
seafood,,
seafood seasoning,,
seafood stock,,
seasoned black beans,,
seasoned bread crumbs,,
seasoned breadcrumbs,,
seasoned croutons,,
seasoned flour,,
seasoned rice wine vinegar,,
seasoning,,
seasoning mix,,
seasoning salt,,
seaweed,,
sedani,pasta,
seeds,,
self raising flour,,self-raising flour
self rising flour,,
self-rising cake flour,,
self-rising cornmeal,,
seltzer,,
seltzer water,,
semi pearled farro,,
semolina,,
semolina flour,,
serrano,,
serrano chile,,
serrano chilies,,
serrano ham,,
serrano peppers,,
sesame,,
sesame oil,,
sesame paste,,
sesame seed hamburger buns,,
sesame seeds,,
seven up,,
seville orange,fruit,bitter orange
seville oranges,fruit,bitter oranges
sevruga caviar,,
shad,fish,
shad fillets,fish,
shahi jeera,,
shallot,,
shallots,,
shanks,,
shao hsing wine,,
shaoxing,,
shaoxing wine,,
shark,fish,
shark fillets,fish,
sharon fruit,fruit,
sheep milk cheese,cheese,
shell pasta,,
shell steak,,
shellfish,,
shepherd's purse,vegetable,
sherry,,
sherry vinegar,,
sherry wine,,
sherry wine vinegar,,
shichimi togarashi,,
shiitake,,shiitake mushroom
shiitake mushroom caps,,
shiitake mushrooms,,
shimeji mushrooms,,
shirataki,,
shiro miso,,
shishito chile,,
shiso,,
shiso leaves,,
shoepeg corn,,
shortbread,,
short pasta,,
short rib,,
short ribs,,
shortbread cookies,,
shortcrust pastry,,
shortening,,
short-grain rice,,
shoyu,,
shrimp,seafood,
shrimp and crab boil seasoning,,
shrimp chips,,
shrimp heads,seafood,
shrimp meat,seafood,
shrimp paste,,blachan
shrimp powder,,
shrimp shells,,
shrimp stock,,
shrimp tails,seafood,
shrimps,seafood,
shuck corn,,
shucked oysters,,
shungiku,,
sichuan pepper,,szechuan pepper
sierra leone bologi,vegetable,
siling haba,pepper,"espada, siling mahaba, siling pangsigang, siling tagalog, green chili, finger chili, long pepper"
silken tofu,,
silver tequila,,
silverside,meat,
simple syrup,,
single cream,,
single crust pie,,
sirloin,,
sirloin steak,,
sirloin tip,,
sirloin tip steak,,
skate,,
skim milk,,
skirret,vegetable,
skirt steak,,
slab bacon,,
slaw,,
slaw dressing,,
slaw mix,,
sloe gin,liqueur,
sloes,fruit,
smelt,fish,
snails,meat,
snake gourd,fruit,
snakehead,fish,
snapper,fish,
snapper fillets,fish,
snappers,fish,
snaps,,
snow peas,,
soba,,
soba noodles,,
soda,,
soda bread,,
soda water,,
sodium,,
soft buns,,
soft cheese,,
soft corn tortillas,,
soft goat cheese,,
soft sandwich rolls,,
soft shelled crabs,,
soft tofu,,
softened butter,,
soft-shell clams,,
soft-wheat flour,,
sole,fish,
sole fillet,fish,
somen,,
sorbet,,
sorghum,,
sorghum flour,,
sorghum syrup,,
sorrel,,
sorrentinos,pasta,
soup mix,,
soup noodles,,
soup pasta,,
sour cabbage,vegetable,
sour cherries,,
sour cream,,soured cream
sour pickle,,
sourdough,,
sourdough baguette,,
sourdough bread,,
sourdough rolls,,
soursop,,
southern comfort,,
southern comfort liqueur,,
soy,,
soy chorizo,,
soy glaze,,
soy milk,,
soy paste,,
soy protein powder,,
soy sauce,,
soy vermicelli,,
soy yogurt,,
soya bean,vegetable,soybean
soya beans,vegetable,soybeans
soya flour,,
soybean oil,,soya oil
soya milk,,soymilk
soybean paste,,
soybean sprouts,,
spaghetti,pasta,
spaghetti squash,,
spaghettini,,
spam,,
spanish chorizo,,
spareribs,,
sparkling sugar,,
sparkling wine,,
spearmint,,
speck,,
spelt,,
spelt flour,,
spiced pecans,,
spices,,
spicy brown mustard,,
spicy sausage,,
spinach,,
spinach leaves,,
spiny gourd,fruit,"spine gourd, bristly balsam pear, prickly carolaho, teasle gourd, kantola"
splenda,,
split black lentils,,
split peas,,
split yellow lentils,,
sponge cake,,
sprat,fish,
spring chicken,,
spring greens,,
spring onion,vegetable,welsh onion
spring onions,,
spring roll wrappers,,
spring rolls,,
spring salad mix,,
spring water,,
sprinkles,,
sprite,,
sprouts,,
squash,vegetable,
squash blossoms,edible flower,
squid,,
squirrel,,
squirt,,
sriracha,,sriracha sauce
star anise,,
star fruit,,starfruit
starch,,
starchy potatoes,,
steak,,
steak sauce,,
steak seasoning,,
steaks,,
steel-cut oats,,
stem ginger,,
stevia,,
stevia powder,,
stew,,
stew meat,,
stew vegetables,,
stewed tomatoes,,
stewing beef,,
stewing lamb,,
sticky rice,,
stilton,cheese,stilton cheese
stir fry beef meat,,
stir fry noodles,,
stir fry oil,,
stir fry sauce,,
stir fry vegetable blend,,
stock,,
stout,,
straw mushroom,,
straw mushrooms,,
strawberries,fruit,
strawberry,fruit,
strawberry jam,,
strawberry preserves,,
streaky bacon,,
strega liqueur,drink,
streusel topping,,
string beans,,
stringozzi,pasta,
strip steaks,,
striped bass,,
stroncatura,pasta,
strozzapreti,pasta,
stuffing,,
stuffing mix,,
sturgeon,fish,
sturgeon fillets,fish,
sub rolls,,
sucanat,,
suckling pig,,
sucralose,sweetener,
suet,,
sugar,,
sugar cane,,
sugar cookie mix,,
sugar pea,,
sugar pumpkin,,
sugar syrup,,
sugar-snap pea,vegetable,"sugar snap pea, snap pea"
sugar-snap peas,vegetable,"sugar snap peas, snap peas"
sugarcane sticks,,
sukrin sweetener,,
sultana,,
sultanas,,
sumac,spice,
summer cabbage,,
summer fruit,,
summer purslane,vegetable,
summer savory,,
summer squash,vegetable,
sunchokes,,
sundae syrup,,
sunflower oil,,
sunflower seed,,
sunflower seeds,,
superfine sugar,,
surimi,,
sushi grade tuna,,
sushi nori,,
sushi rice,,
swede,,
sweet and sour mix,,
sweet and sour sauce,,
sweet baking chocolate,,
sweet basil,,
sweet bean paste,,
sweet bean sauce,,
sweet cherries,,
sweet chili sauce,,
sweet corn,,sweetcorn
sweet corn kernels,,
sweet mini bells,,
sweet onion,,
sweet paprika,,
sweet peas,,
sweet pepper,,
sweet pickle relish,,
sweet potato,,
sweet potato greens,vegetable,sweet potato leaves
sweet potato squash,vegetable,
sweet potato starch,,
sweet potatoes,,
sweet red bean paste,,
sweet relish,,
sweet rice,,
sweet rice flour,,
sweet rice wine,,
sweet sausage,,
sweet soy,,
sweet soy sauce,,
sweet tea,,
sweet sherry,,
sweet vermouth,,
sweetbread,,
sweetener,,
swiss chard,,
swiss cheese,cheese,
swiss rolls,cake,"jelly rolls, roulades, cream rolls"
swordfish,,
swordfish steaks,,
syrup,,
szechwan peppercorns,,
tabasco,sauce,tabasco pepper sauce
tabasco green pepper sauce,sauce,
tabbouleh,,
table salt,,
taco meat,,
taco rub,,
taco sauce,,
taco seasoning,,
taco seasoning mix,,
taco shells,,
taco toppings,,
tagliatelle,pasta,
taglierini,pasta,
tahini,,
tahini paste,,
tahitian spinach,vegetable,"tannier spinach, belembe, tahitian taro"
taleggio,cheese,
tallow,,
tamales,,
tamari,,
tamari sauce,,
tamari soy sauce,,
tamarillo,fruit,
tamarind,,
tamarind concentrate,,
tamarind extract,,
tamarind juice,,
tamarind paste,,
tamarind pod,,
tamarind pulp,,
tandoori masala,,
tandoori paste,,
tandoori spices,,
tangelos,,
tangerine,,
tangerine juice,,
tangzhong roux,,
tapenade,,
tapioca,,
tapioca flour,,
tapioca pearls,,
tapioca starch,,
tarama,,
taro,vegetable,
taro leaves,vegetable,
tarragon,,
tarragon leaves,,
tarragon sprigs,,
tarragon vinegar,,
tart apples,,
tart cherries,,
tart shells,,
tartar sauce,,tartare sauce
tarwi,vegetable,"chocho, altramuz, andean lupin, south american lupin, peruvian field lupin, pearl lupin"
tasso,,
tat soi,,
tater tots,,
tatsoi,,
tawny port,,
tayberry,fruit,
t-bone steak,meat,
tea,drink,
tea bags,,
tea leaves,,
teardrop tomatoes,,
teas,,
tempeh,,
tentacles,,
tepary bean,vegetable,
tequila,,
teriyaki marinade,,
teriyaki sauce,,
testaroli,pasta,
textured soy protein,,
thousand island dressing,,
thyme,,
thyme leaves,,
thyme sprigs,,
tiger nut,vegetable,
tiger prawn,,
tilapia,fish,
tilapia fillets,fish,
tilefish,fish,
tinda,vegetable,"indian squash, round melon, indian round gourd, apple gourd, indian baby pumpkin"
tipuho,fruit,
toast,,
toast bread,,
toast points,,
tobiko,,
toffee,candy,
toffee bits,,
toffee pieces,,
tofu,,
tofu mayonnaise,,
tofu puffs,,
togarashi,,
tom yum paste,,
tomatillo,,
tomatillo salsa,,
tomatillos,,
tomato,vegetable,
tomato basil feta,,
tomato basil sauce,,
tomato chutney,condiment,
tomato coulis,,
tomato juice,,
tomato ketchup,,
tomato paste,,
tomato pesto,,
tomato puree,,
tomato salsa,,
tomato sauce,,
tomatoes,vegetable,
tomatoes in juice,,
tomatoes in oil,,
tomatoes on the vine,,
tomatoes with juice,,
tongue,,
tonic,,
tonic water,,
tonkatsu sauce,,
toor dal,,
top loin,,
top round steak,,
top sirloin,,
top sirloin steak,,
top whip,,
topside,meat,topside of beef
tortelli,pasta,
tortellini,pasta,
tortelloni,pasta,
tortiglioni,pasta,
tortilla,,
tortilla bowls,,
tortilla chips,,
tortilla wraps,,
tortillas,,
tostada shells,,
tostadas,,
tree ears,,
trenette,pasta,
trenne,,
treviso radicchio,,
tri tip,,
tripe,,
triple sec,,
tripoline,pasta,
tri-tip steak,,
troccoli,pasta,
trofie,pasta,
trout,,
trout fillet,,
trout fillets,,
truffle,,
truffle oil,,
truffle salt,,
truffles,,
tubetti,,
tumeric,,
tuna,,
tuna fillets,,
tuna in oil,,
tuna in olive oil,,
tuna in water,,
tuna steaks,,
turbinado sugar,,
turbot,fish,
turkey,,
turkey bacon,,
turkey breast,,
turkey breast cutlets,,
turkey breast deli meat,,
turkey breasts,,
turkey broth,,
turkey carcass,,
turkey chili with beans,,
turkey giblet stock,,
turkey gravy,,
turkey kielbasa,,
turkey legs,,
turkey meat,,
turkey meatballs,,
turkey mince,,
turkey salami,,
turkey sausage,,
turkey stock,,
turkey tenderloins,,
turkey thigh,,
turkish bay leaves,,
turkish delight,candy,
turmeric,,
turnip,,
turnip greens,,
turnips,,
twists,,
tzatziki,,
ube,vegetable,purple yam
udon,,
ulluco,vegetable,
uni,roe,
unagi sauce,,
unbleached flour,,
unflavored gelatin,,
usukuchi soy sauce,,
vacherin,cheese,
valencia rice,,
vanilla,,
vanilla almond milk,,
vanilla almondmilk,,
vanilla bean,,
vanilla bean paste,,
vanilla bean seeds,,
vanilla beans,,
vanilla essence,,
vanilla extract,,
vanilla flavoring,,
vanilla ice cream,,
vanilla instant pudding,,
vanilla pod,,
vanilla pods,,
vanilla powder,,
vanilla protein powder,,
vanilla pudding,,
vanilla sugar,,
vanilla vodka,,
vanilla wafer crumbs,,
vanilla wafers,,
vanilla yogurt,,
varnish clams,,
veal,,
veal bones,,
veal breast,,
veal chops,,
veal cutlets,,
veal demi-glace,,
veal loin chops,,
veal rib chops,,
veal scallops,,
veal shanks,,
veal shoulder,,
veal stock,,
vegetable base,,
vegetable bouillon,,
vegetable bouillon cube,,
vegetable broth,,
vegetable fern,vegetable,
vegetable gumbo,,
vegetable gumbo mixture,,
vegetable hummingbird,edible flower,"katurai, agati, west indian pea"
vegetable juice,,
vegetable juice cocktail,,
vegetable oil,,
vegetable oil cooking spray,,
vegetable oil spray,,
vegetable shortening,,
vegetable slaw,,
vegetable stock,,
vegetables,,
velvet bean,vegetable,"monkey tamarind, bengal velvet bean, florida velvet bean, mauritius velvet bean, yokohama velvet bean, cowage, cowitch, lacuna bean, lyon bean"
venison,,
verjuice,juice,verjus
vermicelli,pasta,
vermicelli noodles,,
vermouth,,
vienna sausage,,
vin santo,,
vinaigrette,,
vincisgrassi,pasta,
vine leaves,,
vine ripened tomatoes,,
vine tomatoes,,
vinegar,,
violets,,
virgin olive oil,,
vodka,,
vodka cocktail,,
wafer,,
wafer cookies,,
waffles,,
wahoo,fish,
wakame,,
walnut,,
walnut oil,,
walnut pieces,,
walnuts,,
wasabi,,
wasabi paste,,
wasabi powder,,
water,,
water caltrop,,"buffalo nut, ling nut"
water chestnut,,
water chestnuts,,
water spinach,,
watercress,,
watermelon,fruit,water melon
watermelon seeds,,
wax beans,,
wax gourd,vegetable,"ash gourd, white gourd, winter gourd, tallow gourd, ash pumpkin, winter melon"
waxy potato,,
waxy potatoes,,
webbs lettuce,vergetable,
wensleydale,cheese,
wheat,,
wheat angel hair pasta,,
wheat baguette,,
wheat berries,,
wheat bran,,
wheat bread,,
wheat bread dough,,
wheat breadcrumbs,,
wheat cheese tortellini,,
wheat couscous,,
wheat crackers,,
wheat flour,,
wheat fusilli,,
wheat germ,,wheatgerm
wheat lasagna noodles,,
wheat linguine,,
wheat noodles,,
wheat pastry flour,,
wheat penne,,
wheat penne pasta,,
wheat pita,,
wheat pita bread rounds,,
wheat pizza dough,,
wheat sourdough bread,,
wheat spaghetti,,
wheat spiral pasta,,
wheat starch,,
wheat thin spaghetti,,
wheat tortillas,,
wheat white flour,,
wheat wraps,,
wheatgrass,vegetable,
whelk,,
whip topping thaw,,
whipped cream,,chantilly cream
whipped topping,,
whipping cream,,
whisky,,whiskey
whisky cocktail,,
whisky liqueur,,
witch,fish,
white beans,,
white bread,,
white bread flour,,
white button mushrooms,,
white cabbage,,
white cake mix,,
white cannellini beans,,
white cheddar cheese,,
white cheese,,
white chocolate,,
white chocolate chips,,
white corn,,
white corn syrup,,
white corn tortillas,,
white cornmeal,,
white distilled vinegar,,
white fish,,
white fleshed fish,,
white flour,,
white frosting mix,,
white hominy,,
white kidney beans,,
white lentils,,
white miso,,
white mushrooms,,
white onion,,
white pepper,,
white peppercorns,,
white poppy seeds,,
white radish,,
white rice,,
white rice flour,,
white rice vinegar,,
white rum,,
white sandwich bread,,
white sesame seeds,,
white sugar,,
white truffle oil,,
white tuna,,
white tuna in oil,,
white tuna in olive oil,,
white tuna in water,,
white vermouth,,
white vinegar,,
white wine,,
white wine vinegar,,
white zinfandel,,
whitebait,fish,
whitecurrant,fruit,"white currant, white currant berries"
whitefish,,
whitefish fillets,,
whiting,,
whole wheat pasta,,
wholegrain mustard,,
wholemeal bread,,
wholemeal flour,,
whole-milk yogurt,,
wide egg noodles,,
wide rice noodles,,
wild duck,,
wild garlic,,
wild mushrooms,,
wild rice,,
wildflower honey,,
wine,,
wine vinegar,,
wing sauce,,
winged bean,vegetable,"cigarillas, goa bean, four-angled bean, four-cornered bean, manila bean, princess bean, asparagus pea, dragon bean"
winkle,seafood,periwinkle
winkles,seafood,
winter squash,vegetable,
wondra flour,,
wonton skins,,won ton skins
wonton wrappers,,won ton wrappers
wood ear mushrooms,,
woodpigeon,,wood pigeon
worcestershire sauce,,
wraps,,
xanthan gum,,
yacon,vegetable,
yam,,
yam bean,,
yams,,
yardlong beans,,
yarrow,vegetable,"achillea, bloodwort, carpenter's weed, devil's nettle, nosebleed, old man's pepper, staunchweed, thousand-leaf, wound wort"
yeast,,
yeast extract,,
yellow bean sauce,,
yellow bell pepper,,
yellow cake mix,,
yellow chile,,
yellow chives,,
yellow corn,,
yellow crookneck squash,vegetable,
yellow curry paste,,
yellow food coloring,,
yellow hominy,,
yellow lentil,,
yellow lentils,,
yellow miso,,
yellow mustard,,
yellow mustard seeds,,
yellow onion,,
yellow peas,,
yellow peppers,,
yellow potatoes,,
yellow rice,,
yellow rice seasoning mix,,
yellow rock sugar,,
yellow split peas,,
yellow squash,vegetable,
yellow summer squash,,
yellow tomato,,
yellowfin tuna,,
yellowtail snapper fillets,,
yodel,,
yoghurt,,yogurt
yu choy,vegetable,
yuca,,
yucca root,,
yukon gold,,
yukon gold potato,,
yukon gold potatoes,,
yuzu,,
za'atar,,
zabaglione,,
zander,fish,"sander, pikeperch"
zest,,
zesty dressing,,
zinfandel,,
ziti,pasta,
zucchini,,courgette
