,ID,Ingredients,match,order,note
18,1,white,whitebait,0,Not perfect
141,11,ras el hanout,za'atar,0,Not perfect
196,16,purple sprouting broccoli,broccoli sprouts,1,Not perfect
199,16,powder,pernod,0,Not perfect
203,16,nduja,doubanjiang,0,Not perfect
238,19,pak choi,zucchini,0,Not perfect
251,20,prosociano wedge,wine,0,Not perfect
274,22,feta,fat,0,Not perfect
282,23,cavolo nero,woodpigeon,0,Not perfect
392,31,sugar snap peas,sugar-snap pea,1,Not perfect
437,34,creme fraiche,cream,0,Not perfect
503,40,zaatar,za'atar,0,Not perfect
537,43,guinness paste,zest,0,Not perfect
544,44,pak choi,zucchini,0,Not perfect
551,45,feta,fat,0,Not perfect
570,47,paneer,pear,0,Not perfect
588,48,self raising flour,semolina flour,1,Not perfect
603,51,nduja,doubanjiang,0,Not perfect
638,55,nduja,doubanjiang,0,Not perfect
641,55,creme fraiche,cream,0,Not perfect
651,57,powder,pernod,0,Not perfect
652,57,bicarbonate of soda,soda bread,1,Not perfect
677,60,paneer,pear,0,Not perfect
794,70,zaatar,za'atar,0,Not perfect
843,73,feta,fat,0,Not perfect
848,74,paneer,pear,0,Not perfect
856,74,five-spice powder,zander,0,Not perfect
911,77,baby gem lettuce,sea lettuce,1,Not perfect
1002,84,powder,pernod,0,Not perfect
1025,86,purple sprouting broccoli,broccoli sprouts,1,Not perfect
1034,87,jord oat drink,ground oat,1,Not perfect
1084,89,pak choi,zucchini,0,Not perfect
1092,90,ras el hanout,za'atar,0,Not perfect
1192,96,pak choi,zucchini,0,Not perfect
1220,99,cavolo nero,woodpigeon,0,Not perfect
1293,105,nduja,doubanjiang,0,Not perfect
1319,108,purple sprouting broccoli,broccoli sprouts,1,Not perfect
1323,108,gouda,dough,0,Not perfect
1361,112,brie,bilberries,0,Not perfect
1376,114,brie,bilberries,0,Not perfect
1395,116,powder,pernod,0,Not perfect
1424,120,feta,fat,0,Not perfect
1433,121,powder,pernod,0,Not perfect
1434,121,bicarbonate of soda,soda bread,1,Not perfect
1471,123,bicarbonate of soda,soda bread,1,Not perfect
1486,125,creme fraiche,cream,0,Not perfect
1492,126,bicarbonate of soda,soda bread,1,Not perfect
1496,126,powder,pernod,0,Not perfect
1648,139,nduja,doubanjiang,0,Not perfect
1669,141,nduja,doubanjiang,0,Not perfect
1722,145,cavolo nero,woodpigeon,0,Not perfect
1742,147,bay leaves,wensleydale,0,Not perfect
1750,147,cavolo nero,woodpigeon,0,Not perfect
1761,148,scamorza,cardamom,0,Not perfect
1780,149,taco shells,sole,0,Not perfect
1804,151,nduja,doubanjiang,0,Not perfect
1817,152,cavolo nero,woodpigeon,0,Not perfect
1847,154,powder,pernod,0,Not perfect
1900,159,zaatar,za'atar,0,Not perfect
2055,171,bay leaves,wensleydale,0,Not perfect
2115,174,self raising flour,semolina flour,1,Not perfect
2143,176,powder,pernod,0,Not perfect
2202,179,hot dog bun,potato bun,1,Not perfect
2226,181,powder,pernod,0,Not perfect
2248,183,creme fraiche,cream,0,Not perfect
2300,187,sunflower,flounder,0,Not perfect
2311,188,halloumi,guajillo,0,Not perfect
2316,189,bay leaves,wensleydale,0,Not perfect
2318,189,cavolo nero,woodpigeon,0,Not perfect
2351,191,powder,pernod,0,Not perfect
2426,198,sugar snap peas,sugar-snap pea,1,Not perfect
2448,200,halloumi,guajillo,0,Not perfect
2568,208,grana padano,anardana,0,Not perfect
2638,214,pak choi,zucchini,0,Not perfect
2682,217,self raising flour,semolina flour,1,Not perfect
2707,219,halloumi,guajillo,0,Not perfect
2762,223,nduja,doubanjiang,0,Not perfect
2790,225,baby gem lettuce,sea lettuce,1,Not perfect
2830,228,red leicester,deer,0,Not perfect
2849,230,halloumi,guajillo,0,Not perfect
2871,231,feta,fat,0,Not perfect
2922,234,baby gem lettuce,sea lettuce,1,Not perfect
2980,239,feta,fat,0,Not perfect
3032,243,feta,fat,0,Not perfect
3132,250,red leicester,deer,0,Not perfect
3148,251,feta,fat,0,Not perfect
3157,252,bay leaves,wensleydale,0,Not perfect
3372,269,paneer,pear,0,Not perfect
3427,271,gouda,dough,0,Not perfect
3428,271,baby gem lettuce,sea lettuce,1,Not perfect
3441,272,popadoms,pompano,0,Not perfect
3473,275,self raising flour,semolina flour,1,Not perfect
3588,283,hot dog bun,potato bun,1,Not perfect
3601,284,feta,fat,0,Not perfect
3625,286,french fries,frisee,0,Not perfect
3642,287,halloumi,guajillo,0,Not perfect
3718,292,nduja paste,zest,0,Not perfect
3748,294,bicarbonate of soda,soda bread,1,Not perfect
3772,296,halloumi,guajillo,0,Not perfect
3800,298,nduja,doubanjiang,0,Not perfect
3822,300,creme fraiche,cream,0,Not perfect
3827,300,conchiglioni,conchiglie,0,Not perfect
3853,302,nduja paste,zest,0,Not perfect
3931,308,peri peri strips,sprite,0,Not perfect
3967,311,hot cross buns,soft buns,1,Not perfect
3990,312,creme fraiche,cream,0,Not perfect
4060,317,earl grey,rye,0,Not perfect
4063,317,active dry quick rise yeast,yeast extract,1,Not perfect
4069,317,peel,eel,0,Not perfect
4073,318,self raising flour,semolina flour,1,Not perfect
4097,319,creme fraiche,cream,0,Not perfect
4099,319,dark leafy greens,salad greens,1,Not perfect
4140,323,quorn,norus,0,Not perfect
4148,323,baby gem lettuce,sea lettuce,1,Not perfect
4177,325,pak choi,zucchini,0,Not perfect
4281,332,creme fraiche,cream,0,Not perfect
4296,333,five-spice powder,zander,0,Not perfect
4340,336,zaatar,za'atar,0,Not perfect
4418,342,powder,pernod,0,Not perfect
4457,344,feta,fat,0,Not perfect
4496,347,saag,lasagna,0,Not perfect
4543,351,paneer,pear,0,Not perfect
4580,353,powder,pernod,0,Not perfect
4581,353,bicarbonate of soda,soda bread,1,Not perfect
4601,355,active dry yeast,yeast extract,1,Not perfect
4605,355,chocolate hazelnut spread,hazelnut paste,1,Not perfect
4610,356,feta,fat,0,Not perfect
4742,364,zaatar,za'atar,0,Not perfect
4757,365,paneer,pear,0,Not perfect
4798,368,quorn,norus,0,Not perfect
4851,371,vege-gel,vegetable,0,Not perfect
4855,372,peri peri strips,sprite,0,Not perfect
4884,374,baby gem lettuce,sea lettuce,1,Not perfect
4909,375,perinaise,anise,0,Not perfect
4922,376,perinaise,anise,0,Not perfect
4973,379,powder,pernod,0,Not perfect
4977,379,perinaise,anise,0,Not perfect
5008,381,cavolo nero,woodpigeon,0,Not perfect
5086,386,powder,pernod,0,Not perfect
5186,393,bay leaves,wensleydale,0,Not perfect
5243,396,creme fraiche,cream,0,Not perfect
5261,398,creme fraiche,cream,0,Not perfect
5267,399,nduja,doubanjiang,0,Not perfect
5331,403,pak choy,copha,0,Not perfect
5344,405,halloumi,guajillo,0,Not perfect
5348,405,zaatar,za'atar,0,Not perfect
5359,406,powder,pernod,0,Not perfect
5382,408,powder,pernod,0,Not perfect
5399,410,bicarbonate of soda,soda bread,1,Not perfect
5400,410,powder,pernod,0,Not perfect
5424,412,powder,pernod,0,Not perfect
5453,414,pak choi,zucchini,0,Not perfect
5515,419,powder,pernod,0,Not perfect
5532,421,self raising flour,semolina flour,1,Not perfect
5542,422,self raising flour,semolina flour,1,Not perfect
5553,424,self raising flour,semolina flour,1,Not perfect
5554,424,bicarbonate of soda,soda bread,1,Not perfect
5594,427,self raising flour,semolina flour,1,Not perfect
5690,433,halloumi,guajillo,0,Not perfect
5694,433,powder,pernod,0,Not perfect
5742,437,chow mein noodles,rice noodles,1,Not perfect
5745,438,pak choi,zucchini,0,Not perfect
5787,440,peri peri seasoning,spike seasoning,1,Not perfect
5969,452,pak choi,zucchini,0,Not perfect
6020,457,black onion seeds,melon seeds,1,Not perfect
6049,459,powder,pernod,0,Not perfect
6180,469,halloumi,guajillo,0,Not perfect
6277,477,creme fraiche,cream,0,Not perfect
6295,479,halloumi,guajillo,0,Not perfect
6316,480,leaves,veal,0,Not perfect
6397,485,feta,fat,0,Not perfect
6406,486,taco shells,sole,0,Not perfect
6409,486,feta,fat,0,Not perfect
6535,497,pak choi,zucchini,0,Not perfect
6575,499,self raising flour,semolina flour,1,Not perfect
6577,499,powder,pernod,0,Not perfect
6671,509,taco shells,sole,0,Not perfect
6689,510,feta,fat,0,Not perfect
6713,512,feta,fat,0,Not perfect
6719,512,self raising flour,semolina flour,1,Not perfect
6728,513,powder,pernod,0,Not perfect
6733,514,powder,pernod,0,Not perfect
6746,515,halloumi,guajillo,0,Not perfect
6789,518,sunflower,flounder,0,Not perfect
6798,519,lime & coriander rice,red licorice,1,Not perfect
6837,522,cavolo nero,woodpigeon,0,Not perfect
6880,525,bay leaves,wensleydale,0,Not perfect
6900,527,cavolo nero,woodpigeon,0,Not perfect
6931,531,creme fraiche,cream,0,Not perfect
6956,533,zaatar,za'atar,0,Not perfect
6991,535,baby gem lettuce,sea lettuce,1,Not perfect
6995,536,nduja paste,zest,0,Not perfect
7010,537,creme fraiche,cream,0,Not perfect
7121,547,leaves,veal,0,Not perfect
7173,550,feta,fat,0,Not perfect
7186,551,halloumi,guajillo,0,Not perfect
7230,554,baby gem lettuce,sea lettuce,1,Not perfect
7401,565,powder,pernod,0,Not perfect
7448,569,bay leaves,wensleydale,0,Not perfect
7610,580,sunflower,flounder,0,Not perfect
7613,580,zaatar,za'atar,0,Not perfect
7620,581,crayfish,crawfish,0,Not perfect
7656,583,self raising flour,semolina flour,1,Not perfect
7677,585,nduja paste,zest,0,Not perfect
7719,588,bay leaves,wensleydale,0,Not perfect
7753,591,powder,pernod,0,Not perfect
7757,591,halloumi,guajillo,0,Not perfect
7769,592,bay leaves,wensleydale,0,Not perfect
7792,594,powder,pernod,0,Not perfect
7823,595,nduja paste,zest,0,Not perfect
7846,596,bay leaves,wensleydale,0,Not perfect
7852,597,grana padano,anardana,0,Not perfect
7902,600,creme fraiche,cream,0,Not perfect
7925,602,creme fraiche,cream,0,Not perfect
8015,609,hash browns,sansho,0,Not perfect
8060,613,feta,fat,0,Not perfect
8086,615,brie,bilberries,0,Not perfect
8100,616,halloumi,guajillo,0,Not perfect
8189,624,halloumi,guajillo,0,Not perfect
8334,633,bay leaves,wensleydale,0,Not perfect
8361,635,crisps,spices,0,Not perfect
8413,639,birds eye chillies,bird's-eye chillies,1,Not perfect
8550,650,active dry quick rise yeast,yeast extract,1,Not perfect
8560,650,malted drink,sardine,0,Not perfect
8597,652,powder,pernod,0,Not perfect
8605,652,spray,pastry,0,Not perfect
8615,654,peri peri rice,rice paper,1,Not perfect
8694,659,baby gem lettuce,sea lettuce,1,Not perfect
8713,660,baby gem lettuce,sea lettuce,1,Not perfect
8819,668,caribbean rice & pea,pear nectar,1,Not perfect
8839,669,nduja paste,zest,0,Not perfect
8862,670,bloody mary mix,trail mix,1,Not perfect
8916,674,bay leaves,wensleydale,0,Not perfect
8937,676,halloumi,guajillo,0,Not perfect
9007,681,feta,fat,0,Not perfect
9040,684,red sockeye,swede,0,Not perfect
9198,695,baby gem lettuce,sea lettuce,1,Not perfect
9250,699,self raising flour,semolina flour,1,Not perfect
9254,699,halloumi,guajillo,0,Not perfect
9257,700,pak choi,zucchini,0,Not perfect
9293,703,halloumi,guajillo,0,Not perfect
9390,710,feta,fat,0,Not perfect
9561,722,self raising flour,semolina flour,1,Not perfect
9590,724,self raising flour,semolina flour,1,Not perfect
9668,730,bay leaves,wensleydale,0,Not perfect
9735,734,chicken leg with thigh,chicken thigh fillet,2,Not perfect
9752,735,nduja paste,zest,0,Not perfect
9754,735,creme fraiche,cream,0,Not perfect
9872,745,grana padano,anardana,0,Not perfect
9940,750,herbes de provence,preserve,0,Not perfect
9970,752,bay leaves,wensleydale,0,Not perfect
10025,758,crumpets,crumpet,0,Not perfect
10036,759,halloumi,guajillo,0,Not perfect
10097,763,feta,fat,0,Not perfect
10113,765,sugar snap peas,sugar-snap pea,1,Not perfect
10224,773,baby gem lettuce,sea lettuce,1,Not perfect
10272,778,halloumi,guajillo,0,Not perfect
10313,781,powder,pernod,0,Not perfect
10518,797,alternative,rattlesnake,0,Not perfect
10520,797,powder,pernod,0,Not perfect
10543,799,halloumi,guajillo,0,Not perfect
10545,799,leaves,veal,0,Not perfect
10675,810,self raising flour,semolina flour,1,Not perfect
10685,811,bay leaves,wensleydale,0,Not perfect
10705,812,halloumi,guajillo,0,Not perfect
10795,819,halloumi,guajillo,0,Not perfect
10821,821,baby gem lettuce,sea lettuce,1,Not perfect
11010,838,pinot grigio,pignoli,0,Not perfect
11033,840,pak choi,zucchini,0,Not perfect
11148,850,bay leaves,wensleydale,0,Not perfect
11181,852,halloumi,guajillo,0,Not perfect
11198,854,pak choi,zucchini,0,Not perfect
11243,857,zaatar,za'atar,0,Not perfect
11257,858,nasi goreng paste,zest,0,Not perfect
11258,858,pak choi,zucchini,0,Not perfect
11280,860,feta,fat,0,Not perfect
11592,887,feta,fat,0,Not perfect
11602,888,feta,fat,0,Not perfect
11625,890,bay leaves,wensleydale,0,Not perfect
11670,895,baking powder,woodpigeon,0,Not perfect
11718,596602308,roasted and marinated peppers,serrano peppers,1,Not perfect
11726,654524383,baking powder,woodpigeon,0,Not perfect
11729,654524383,sugar from cane juice,unbleached cane sugar,2,Not perfect
11825,1776753074,chili paste depending on your taste pref,green chili paste,2,Not perfect
11828,291577550,aluminum free baking powder,zander,0,Not perfect
11833,291577550,enjoy life brand chocolate chips,white chocolate chips,2,Not perfect
11842,291577550,earth balance soy free spread,dried soybean,1,Not perfect
11873,499799700,all purpose flour,all-purpose flour,1,Not perfect
11874,499799700,all purpose flour,all-purpose flour,1,Not perfect
11884,1882949891,protein,tripoline,0,Not perfect
11890,1882949891,veggies,eggs,0,Not perfect
11892,1882949891,microwave the noodles,wheat noodles,1,Not perfect
11893,1882949891,add the soy sauce,sweet soy sauce,2,Not perfect
11908,1094742643,dashes of cayenne pepper,red cayenne pepper,2,Not perfect
11951,1126280857,i gem lettuce,iceberg lettuce,1,Not perfect
11973,618987360,crotons,croutons,0,Not perfect
11974,618987360,marinated feta,tea,0,Not perfect
11983,837567862,nondairy alternative,vinaigrette,0,Not perfect
12004,1475876131,creme fraiche,cream,0,Not perfect
12015,1475876131,panna cotta,pancetta,0,Not perfect
12016,774116537,baking powder,woodpigeon,0,Not perfect
12043,1942566998,hemp protein powder,pernod,0,Not perfect
12054,843440344,sea salt and ground pepper,fresh ground pepper,2,Not perfect
12074,1129948138,juice from lemons,watermelon juice,1,Not perfect
12084,1129948138,falafel,leaf,0,Not perfect
12085,1129948138,tabouleh,tabbouleh,0,Not perfect
12096,738306165,all purpose flour,all-purpose flour,1,Not perfect
12097,738306165,baking powder,woodpigeon,0,Not perfect
12121,1885359538,jalapenos,jalapeno,0,Not perfect
12143,536388322,demi glace,demi-glace,0,Not perfect
12156,536388322,crust,citrus,0,Not perfect
12223,676854992,a mixture of pound ground chuck and ground pork,lean ground pork,2,Not perfect
12254,726817268,bay leaves,wensleydale,0,Not perfect
12259,726817268,halfandhalf,half-and-half,0,Not perfect
12260,726817268,kosher salt and pepper,coarse kosher salt,2,Not perfect
12264,726817268,sharp and cheddar cheese,white cheddar cheese,2,Not perfect
12316,803827362,short,risotto,0,Not perfect
12331,343047612,stinging nettles,zest,0,Not perfect
12344,1200898186,optional of hot sauce,chipotle hot sauce,2,Not perfect
12355,1055809700,baking powder,woodpigeon,0,Not perfect
12368,1031164576,chana masala powder,masala paste,1,Not perfect
12381,1637719629,baking powder,woodpigeon,0,Not perfect
12392,858523636,fivespice powder,zander,0,Not perfect
12403,1192463936,xanthan gum,tuna,0,Not perfect
12405,1192463936,baking powder,woodpigeon,0,Not perfect
12432,368973003,evoo,oleo,0,Not perfect
12450,1828764750,cool whip,wolfchili,0,Not perfect
12473,1896325347,salt and ground pepper,fresh ground pepper,2,Not perfect
12509,707418966,baking powder,woodpigeon,0,Not perfect
12523,1825976390,salt and chili flakes,jalapeno chilies,1,Not perfect
12559,645663068,half half,half-and-half,0,Not perfect
12581,1361453888,mama marys original pizza crust,thin pizza crust,2,Not perfect
12596,172879075,wasabi maple spread,wasabi pea,1,Not perfect
12600,172879075,vegenaise,genoise,0,Not perfect
12604,329219682,baking powder,woodpigeon,0,Not perfect
12611,688054944,baking powder,woodpigeon,0,Not perfect
12652,1032543731,baking powder,woodpigeon,0,Not perfect
12662,1405853859,veganaise,anise,0,Not perfect
12668,24982660,reg size containers lemon pudding,lemon rind,1,Not perfect
12670,24982660,cool whip,wolfchili,0,Not perfect
12698,1861429270,pickled jalapeno in a jar,jalapeno juice,1,Not perfect
12713,793973297,spare ribs,raspberries,0,Not perfect
12749,117860121,bay leaves,wensleydale,0,Not perfect
12777,42352811,bulb of onion,yellow onion,1,Not perfect
12780,42352811,scotch bonnet peppers,yellow peppers,1,Not perfect
12784,1111559391,half and half,half-and-half,0,Not perfect
12788,1099276684,baking powder,woodpigeon,0,Not perfect
12856,1977608569,active dry yeast,yeast extract,1,Not perfect
12941,62637651,cream of tartar,pastry cream,1,Not perfect
12950,1487118472,baking powder,woodpigeon,0,Not perfect
12964,50627918,bette hagans pizzafrench bread flour mix,corn bread mix,2,Not perfect
12966,50627918,baking powder,woodpigeon,0,Not perfect
12968,50627918,all purpose flour,all-purpose flour,1,Not perfect
12979,1942871681,baking powder,woodpigeon,0,Not perfect
13011,173738542,coriander and chives,fresh coriander,1,Not perfect
13031,591116573,precooked polenta tube,polenta prepar,1,Not perfect
13049,1273388349,unbaked pie crust,whitecurrant,0,Not perfect
13057,162258046,half n half,half-and-half,0,Not perfect
13073,323674325,real salt sea salt,sea salt flakes,2,Not perfect
13077,1103857805,flesh of avocado,hass avocado,1,Not perfect
13078,1103857805,creme fraiche,cream,0,Not perfect
13083,1103857805,bamboo skewers,zest,0,Not perfect
13099,1022345672,baking powder,woodpigeon,0,Not perfect
13148,850023030,peanut butter candy pieces,unsalted peanut butter,2,Not perfect
13179,1934876954,bay leaves,wensleydale,0,Not perfect
13217,1541159914,baking powder,woodpigeon,0,Not perfect
13232,1737960417,any herbs you like,mixed herbs,1,Not perfect
13237,118518020,baking powder,woodpigeon,0,Not perfect
13242,118518020,m and m,sman,0,Not perfect
13253,1333700235,bok choi,tobiko,0,Not perfect
13281,521935519,all purpose flour,all-purpose flour,1,Not perfect
13283,521935519,cremini but your choice,cremini caps,1,Not perfect
13290,521935519,earth balance buttery spread,sweetbread,0,Not perfect
13293,1277012335,brie,bilberries,0,Not perfect
13294,1277012335,athens phyllo shells,phyllo sheets,1,Not perfect
13308,905173504,cream of tartar,pastry cream,1,Not perfect
13334,24504247,feta,fat,0,Not perfect
13341,1885002807,self raising flour,semolina flour,1,Not perfect
13342,1885002807,strawberry jam and cream,seedless strawberry jam,2,Not perfect
13370,1288198168,sprinkle of chili flakes,chili flake,1,Not perfect
13456,1175994235,half and half,half-and-half,0,Not perfect
13497,1687200656,bouquet garnic,whitecurrant,0,Not perfect
13532,1000921535,baking powder,woodpigeon,0,Not perfect
13540,1503969348,baking powder,woodpigeon,0,Not perfect
13548,1503969348,reserve a bit of sugar and cream,table cream,1,Not perfect
13557,360227007,baking powder,woodpigeon,0,Not perfect
13571,1720028111,all purpose flour,all-purpose flour,1,Not perfect
13574,1720028111,baking powder,woodpigeon,0,Not perfect
13578,1720028111,chives and dill,ground dill,1,Not perfect
13594,159108507,carrotspeeled,escarole,0,Not perfect
13595,159108507,onionchopped,peperoncino,0,Not perfect
13600,159108507,saltto taste,toast,0,Not perfect
13605,724961565,flat leaf parsley,parsley leaves,1,Not perfect
13606,724961565,lemon juice from a lemon,frozen lemon juice,2,Not perfect
13642,1827330636,fivespice powder,zander,0,Not perfect
13679,1737063866,nondairy creamer like mimiccreme,cremini,0,Not perfect
13697,1919169387,dessert spoon chives,yellow chives,1,Not perfect
13699,1919169387,dessert spoon flat leaf parsley,parsley leaves,1,Not perfect
13718,1983279965,scotch bonnet pepper sauce,hot pepper sauce,2,Not perfect
13748,1131766289,bulb of onion,yellow onion,1,Not perfect
13751,1131766289,scotch bonnet pepper,white peppercorn,1,Not perfect
13764,1384761968,kosher salt and pepper,coarse kosher salt,2,Not perfect
13801,1932089334,bay leaves,wensleydale,0,Not perfect
13814,101936574,bow tie pasta,bow-tie pasta,1,Not perfect
13816,101936574,recipe makers chicken bruschetta pasta,chicken parts,1,Not perfect
13838,1827310636,porcini,crostini,0,Not perfect
13840,1827310636,chanterelles,chanterelle,0,Not perfect
13862,1022241772,baking powder,woodpigeon,0,Not perfect
13906,447152663,flat leaf parsley,parsley leaves,1,Not perfect
13922,39604925,water to the sauce,white sauce,1,Not perfect
13924,1613865757,grand marnier,margarine,0,Not perfect
13931,941115900,chocolate chips chocolate or,white chocolate chips,2,Not perfect
13964,947987605,into strips,turnips,0,Not perfect
13974,947987605,some parmesan to serve,parmesan cheese,1,Not perfect
13979,947987605,tomatoes into ths,vine tomatoes,1,Not perfect
14035,1639259475,you can use regular basil,ground basil,1,Not perfect
14049,1639259475,nuoc cham,sumac,0,Not perfect
14084,1259956997,baking powder,woodpigeon,0,Not perfect
14109,1336793637,each paprika and salt,unsalted peanut,1,Not perfect
14113,1343418504,baking powder,woodpigeon,0,Not perfect
14123,1343418504,xanthan gum,tuna,0,Not perfect
14135,875915775,all purpose flour,all-purpose flour,1,Not perfect
14162,748149011,bok choy,choco-bake,0,Not perfect
14174,748149011,stir fry,fryer,0,Not perfect
14193,656673991,rosemary and thyme,thyme leaf,1,Not perfect
14195,1298340885,moroccan lemon marinade,meat marinade,1,Not perfect
14212,1141781415,texas toast croutons,toast round,1,Not perfect
14221,222592653,chicken stock and cups of water,unsalted chicken stock,2,Not perfect
14223,222592653,of water and packets of chicken boullion,whole chicken,1,Not perfect
14247,1469578144,mayo,yam,0,Not perfect
14254,1371232901,baking powder,woodpigeon,0,Not perfect
14271,1560748025,clementine orange segents,orange segments,1,Not perfect
14278,980627043,chicken bullion cube,chicken bouillon,1,Not perfect
14282,980627043,half and half,half-and-half,0,Not perfect
14285,980627043,salt and freshly grounded pepper,yellow peppers,1,Not perfect
14323,1133688270,salt and ground pepper,fresh ground pepper,2,Not perfect
14345,1053033576,kahla,kahlua,0,Not perfect
14349,1053033576,lady fingers,ladyfinger,0,Not perfect
14362,1309919687,ears of corn,frozen corn,1,Not perfect
14406,146767283,baking powder,woodpigeon,0,Not perfect
14412,146767283,pickled jalapenos,nopales,0,Not perfect
14449,1869262704,six dayold tuscan bread,white breadcrumb,1,Not perfect
14466,1546449970,baking powder,woodpigeon,0,Not perfect
14469,1546449970,weight lite mozzarella cheese,part-skim mozzarella cheese,2,Not perfect
14478,232060424,rind of two lemons,wonton,0,Not perfect
14523,271195395,all purpose flour,all-purpose flour,1,Not perfect
14524,271195395,baking powder,woodpigeon,0,Not perfect
14538,1881634191, cup dried cranberry juice sweetened if possible,unsweetened cranberry juice,2,Not perfect
14551,1084793869,ume plum vinegar,palm vinegar,1,Not perfect
14571,472504871,elmhurst harvest chocolate almond milk,milk chocolate melt,2,Not perfect
14573,472504871,chocolate protein powder,white chocolate,1,Not perfect
14576,472504871,jif cinnamon peanut butter,peanut butter frosting,2,Not perfect
14579,1509124567,condensed cream of mushroom,canned mushroom,1,Not perfect
14607,1033366604,quinoa and brown rice mix,minute brown rice,2,Not perfect
14616,1033366604,scotch bonnet pepper,white peppercorn,1,Not perfect
14622,319700269,half of banana,banana leaf,1,Not perfect
14636,1275375024,the of cos lettuce,sea lettuce,1,Not perfect
14641,1275375024,avocados into cubes,venison,0,Not perfect
14646,1140217823,baking powder,woodpigeon,0,Not perfect
14653,1140217823,cream of tartar,pastry cream,1,Not perfect
14654,1140217823,jif natural creamy peanut butter,unsalted creamy peanut butter,3,Not perfect
14725,1567087934,baking powder,woodpigeon,0,Not perfect
14737,950713631,zucchinis,zucchini,0,Not perfect
14743,746018102,roasted and almonds,marcona almonds,1,Not perfect
14771,687554185,from bunch basil,basil chiffonade,1,Not perfect
14780,687554185,parmigianoreggiano,parmigiano,0,Not perfect
14792,215034078,parmesan into ribbons,parmesan romano,1,Not perfect
14804,49178862,salt and ground pepper,fresh ground pepper,2,Not perfect
14818,1544619122,a semismoked sausage,sweet sausage,1,Not perfect
14820,704357175,worth of water,hot water,1,Not perfect
14829,704357175,a few es of sesame oil,toasted sesame oil,2,Not perfect
14847,711699803,oreos,rose,0,Not perfect
14851,1999954299,teaspoon baking powder,reposado,0,Not perfect
14855,1999954299,extra sharp cheddar cheese,white cheddar cheese,2,Not perfect
14873,636292246,soup pot on heat remove bacon,tempeh bacon,1,Not perfect
14874,636292246,crumble bacon and set aside,side bacon,1,Not perfect
14875,636292246,add carrot and onion to bacon fat cook,rendered bacon fat,2,Not perfect
14876,636292246,add garlic and stir,roasted garlic,1,Not perfect
14878,636292246,add kale and cover the mixture and simmer,sea kale,1,Not perfect
14879,636292246,sprinkle in bacon crumbles and stir,rindless bacon,1,Not perfect
14882,486004239,chilly paste korean gochujang paste,zest,0,Not perfect
14886,486004239,chilly flakes,walleye,0,Not perfect
14898,1806713061,natural yogurtsour cream,cream yogurt,1,Not perfect
14900,1806713061,baking powder,woodpigeon,0,Not perfect
14957,864747127,xanthan gum,tuna,0,Not perfect
14959,864747127,spectrum nonhydrogenated shortening,butter shortening,1,Not perfect
14981,208975539,and orange peppers,serrano peppers,1,Not perfect
14990,208975539,grilled shrimp seasoned,shrimp shells,1,Not perfect
15005,104064283,baking powder,woodpigeon,0,Not perfect
15006,104064283,banana flavoured essence,banana leaves,1,Not perfect
15008,104064283,bicarbonate of soda,soda bread,1,Not perfect
15023,1406233332,rice krispie cereal,crispix cereal,1,Not perfect
15027,1044430107,line and grease a springform cake pan,vanilla cupcake,1,Not perfect
15031,1044430107,gelatine powder,rosewater,0,Not perfect
15033,1044430107,tea powder mix,mixed peppercorn,1,Not perfect
15035,1044430107,natural yogurtsour cream,cream yogurt,1,Not perfect
15047,1344276731,all purpose flour,all-purpose flour,1,Not perfect
15057,1344276731,milk to brush the bread,white breadcrumb,1,Not perfect
15058,1344276731,seeds to sprinkle on the bread,wholemeal bread,1,Not perfect
15059,416280254,unbaked pie crust,whitecurrant,0,Not perfect
15065,416280254,half and half,half-and-half,0,Not perfect
15073,1125640042,old fashioned oats,old-fashioned oats,1,Not perfect
15078,1763119557,baking powder,woodpigeon,0,Not perfect
15087,1598356672,half and half,half-and-half,0,Not perfect
15096,1602141518,baking powder,woodpigeon,0,Not perfect
15128,1594631134,baking powder,woodpigeon,0,Not perfect
15133,1594631134,food coloring,ogonori,0,Not perfect
15153,1718758359,scotch bonnet pepper,white peppercorn,1,Not perfect
15164,725263985,parmesan and m zarella cheese,vegetarian parmesan cheese,2,Not perfect
15190,1675274689,rice vermicelli soaked in water,vermicelli rice noodle,2,Not perfect
15196,1675274689,pork but shoulder thinly marinate,lean pork shoulder,2,Not perfect
15197,1675274689,chicken breast thinly marinate,skinned chicken breast,2,Not perfect
15205,1675274689,carrot julienne cut,shoestring carrot,1,Not perfect
15206,1675274689,peas julienne cut,sweet peas,1,Not perfect
15226,1271360900,philiadelphia balance cream cheese,philadelphia cream cheese,2,Not perfect
15227,1271360900,dulce de leche,wensleydale,0,Not perfect
15244,811124661,veganaise,anise,0,Not perfect
15255,1215682459,mayo,yam,0,Not perfect
15274,323538877,berries i used a blackberry,frozen blackberry,1,Not perfect
15361,159908732,up to water,potato water,1,Not perfect
15364,1315640449,nondairy topping cream,whipping cream,1,Not perfect
15366,1315640449,korean honey citron tea paste,honey-roasted pecan,1,Not perfect
15395,481240200,fleur del sel,wensleydale,0,Not perfect
15401,1391731622,mayo,yam,0,Not perfect
15416,1597154991,pie crusts,piecrust,0,Not perfect
15421,1597154991,butter into pieces,sweet butter,1,Not perfect
15435,87211316,baking powder,woodpigeon,0,Not perfect
15445,1470745807,active dry yeast,yeast extract,1,Not perfect
15451,1470745807,halfandhalf,half-and-half,0,Not perfect
15510,758647095,brie,bilberries,0,Not perfect
15548,260116418,vegetable burger crumbles,hamburger relish,1,Not perfect
15549,577511621,all purpose flour,all-purpose flour,1,Not perfect
15557,577511621,fil powder,woodpigeon,0,Not perfect
15567,4106431,big of sea salt,seasoned sea salt,2,Not perfect
15569,1879507844,all purpose flour,all-purpose flour,1,Not perfect
15597,345796794,romaine heart leaves,wensleydale,0,Not perfect
15603,534619278,all purpose flour,all-purpose flour,1,Not perfect
15608,79993761,baking powder,woodpigeon,0,Not perfect
15637,406069948,herbes de provence,preserve,0,Not perfect
15644,1995703213,juice from a lemon,frozen lemon juice,2,Not perfect
15649,1995703213,a couple of pepper flakes,red pepper flakes,2,Not perfect
15668,1031469164,carton whipped topping,popcorn,0,Not perfect
15694,1145480899,bay leaves,wensleydale,0,Not perfect
15697,1145480899,cubes of maggi,maggi seasoning,1,Not perfect
15698,1145480899,bulb of onion,yellow onion,1,Not perfect
15703,1145480899,scotch bonnet peppers,yellow peppers,1,Not perfect
15705,1145480899,can of tomato puree,sun-dried tomato puree,2,Not perfect
15715,755305829,baking powder,woodpigeon,0,Not perfect
15721,755305829,sieve the flour,white flour,1,Not perfect
15728,1702663030,dulce de leche,wensleydale,0,Not perfect
15736,1975206164,baking powder,woodpigeon,0,Not perfect
15768,1074859134,salt i used sea salt,seasoned sea salt,2,Not perfect
15774,1901194774,granny smith apples,tart apples,1,Not perfect
15823,1180087111,bay leaves,wensleydale,0,Not perfect
15826,1180087111,navy,anchovy,0,Not perfect
15886,1917586764, liter milk,rice milk,1,Not perfect
15888,1917586764,g all purpose flour,all-purpose flour,1,Not perfect
15894,1293887010,chipotles in adobo,woodpigeon,0,Not perfect
15907,1293887010,a mexican blend,acid blend,1,Not perfect
15954,937090759,granny smith apple,mcintosh apple,1,Not perfect
15974,1510640864,swanson premium chicken,minced chicken,1,Not perfect
15981,1675343995,all purpose flour,all-purpose flour,1,Not perfect
15983,1675343995,baking powder,woodpigeon,0,Not perfect
15991,1537683825,baking powder,woodpigeon,0,Not perfect
15994,1537683825,butter vanilla bakery emulsion,buttermilk cornbread,1,Not perfect
15995,1537683825,cream of tartar,pastry cream,1,Not perfect
16003,1658969550,gingersnaps,gingersnap,0,Not perfect
16017,1053465560,yukon gold potato,yellow potato,1,Not perfect
16036,1076185830,baking powder,woodpigeon,0,Not perfect
16041,1942632039,garlicscapes,capers,0,Not perfect
16065,1461526409,angel hair pasta,short pasta,1,Not perfect
16067,1461526409,half alarge onion,pearl onions,1,Not perfect
16083,1965742615,crust,citrus,0,Not perfect
16091,859320748,baking powder,woodpigeon,0,Not perfect
16099,3753257,icecream chocolate shell,chocolate morsel,1,Not perfect
16100,3753257,cocacola,coca-cola,0,Not perfect
16119,1172285612,shao hsing wine,shaoxing wine,1,Not perfect
16154,685401064,baking powder,woodpigeon,0,Not perfect
16186,667022897,parmigianoreggiano,parmigiano,0,Not perfect
16191,1747149198,grand cru muscovado sugar waves of sugar,dark muscovado sugar,2,Not perfect
16196,1747149198,what you need,zinfandel,0,Not perfect
16236,1992939336,all natural tomato soup,italian tomato soup,2,Not perfect
16257,919312413,all purpose flour,all-purpose flour,1,Not perfect
16275,357192277,half and half,half-and-half,0,Not perfect
16296,1262245363,angostura bitters,testaroli,0,Not perfect
16297,1262245363, cups fresh juice of ripe usa pears,bosc pears,1,Not perfect
16302,1262245363,freshly usa pear,pear syrup,1,Not perfect
16313,1803326125,ranch,chardonnay,0,Not perfect
16317,675608907,tikka tandoori paste,zest,0,Not perfect
16322,365241648,baking powder,woodpigeon,0,Not perfect
16342,584056136,pd of lobster,lobster tails,1,Not perfect
16343,584056136,old bay seasoning,thai seasoning,1,Not perfect
16372,1218358663,paneer,pear,0,Not perfect
16433,769836378,saffron baking powder,powdered saffron,1,Not perfect
16442,1171893147,pie crust,piecrust,0,Not perfect
16444,1171893147,all purpose flour,all-purpose flour,1,Not perfect
16482,1040710462,quality semisweet chocolate chips,bittersweet chocolate chips,2,Not perfect
16486,1040710462,flavorless,rolls,0,Not perfect
16491,1986476595,baking powder,woodpigeon,0,Not perfect
16492,1986476595,xanthan gum,tuna,0,Not perfect
16495,1986476595,veganaise,anise,0,Not perfect
16496,1986476595,alternative,rattlesnake,0,Not perfect
16498,1986476595,earth balance butter,butter bean,1,Not perfect
16499,1986476595,dairy free chocolate chips,white chocolate chips,2,Not perfect
16508,1099541494,baking powder,woodpigeon,0,Not perfect
16520,1793994749,won ton wrappers,wraps,0,Not perfect
16530,871927560,crust,citrus,0,Not perfect
16538,871927560,cocoacarob,cocoa,0,Not perfect
16579,1839605162,flavor concentrated seafood broth,seafood stock,1,Not perfect
16609,197307749,all purpose flour,all-purpose flour,1,Not perfect
16626,937096973,baking powder,woodpigeon,0,Not perfect
16636,937096973,xanthan gum,tuna,0,Not perfect
16665,1241708368,halfandhalf,half-and-half,0,Not perfect
16681,544948574,sambal oelek,sole,0,Not perfect
16707,916904345,unbaked inch pie shell,yodel,0,Not perfect
16727,299449386,aluminum free baking powder,zander,0,Not perfect
16731,299449386,plus tablespoon evaporated cane sugar,unbleached cane sugar,2,Not perfect
16743,299449386,plus tablespoon water,watermelon seeds,1,Not perfect
16745,1621381281,nineinch pie shell,winkles,0,Not perfect
16758,148875029,baking powder,woodpigeon,0,Not perfect
16766,915390928,dozens little neck clams,littleneck clams,1,Not perfect
16773,915390928,parmigianoreggiano,parmigiano,0,Not perfect
16797,972390836,baking powder,woodpigeon,0,Not perfect
16804,854732368,baking powder,woodpigeon,0,Not perfect
16829,1595133655,crossing over quintessential american desserts,watercress,0,Not perfect
16854,541101590,half and half,half-and-half,0,Not perfect
16869,1815393908,lawrys seasoned salt,season salt,1,Not perfect
16901,1190795935,herbs i use sprig of thyme a bay,thyme leaves,1,Not perfect
16923,445408009,cabernet sauvignon wine,wine vinegar,1,Not perfect
16928,445408009,bay leaves,wensleydale,0,Not perfect
16929,1325265314,chavre,chevre,0,Not perfect
16936,1593302723,duncan hines classic decadent cake mix,golden cake mix,2,Not perfect
16960,1442624086,firmripe avocados,zabaglione,0,Not perfect
16966,344417376, fl oz full milk,full-fat milk,1,Not perfect
16991,1896755278,all purpose flour,all-purpose flour,1,Not perfect
16992,1896755278,baking powder,woodpigeon,0,Not perfect
16993,1896755278,buttermargarine,margarine,0,Not perfect
17006,1947901210,earth balance soy free spread,dried soybean,1,Not perfect
17008,1947901210,nondairy whipped topping,dripping,0,Not perfect
17018,1998044400,bay leaves broken,soybean,0,Not perfect
17050,1106192103,flat leaf parsley,parsley leaves,1,Not perfect
17055,287897563,baking powder,woodpigeon,0,Not perfect
17079,885333585,cream of tartar,pastry cream,1,Not perfect
17082,885333585,prebaked pie crust,watercres,0,Not perfect
17089,89339044,hash browns,sansho,0,Not perfect
17103,202309384, pie shell,yel,0,Not perfect
17114,445513878,herbes de provence,preserve,0,Not perfect
17130,1742939699,bay leaves,wensleydale,0,Not perfect
17145,1061142373,baking powder,woodpigeon,0,Not perfect
17173,1551368808,old fashion oatmeal,old-fashioned oatmeal,1,Not perfect
17195,879380621,flat parsely,parsley,0,Not perfect
17198,870118967,baking powder,woodpigeon,0,Not perfect
17211,1718765056,half and half,half-and-half,0,Not perfect
17221,1718765056,leftover robusto cheese,roquefort cheese,1,Not perfect
17247,105690913,chickpeas can also use chickpeas,black chickpeas,1,Not perfect
17271,733143593,olive oil to coat,virgin olive oil,2,Not perfect
17287,1674221910,flat leaf parsley,parsley leaves,1,Not perfect
17312,30738586,kg of sugar,rock sugar,1,Not perfect
17315,30738586,color,loroco,0,Not perfect
17318,1362154913,chavrie goat cheese pyramid,hard goat cheese,2,Not perfect
17338,20786381,bay leaves,wensleydale,0,Not perfect
17368,855904735,bay leaves,wensleydale,0,Not perfect
17379,855904735,andouille,anelli,0,Not perfect
17380,855904735,fil powder,woodpigeon,0,Not perfect
17405,798794304,block veleveeta cheese,velveeta cheese,1,Not perfect
17419,1939672882,food coloring,ogonori,0,Not perfect
17436,1781521119,your best olive oil,pure olive oil,2,Not perfect
17447,1291802932,green onion sprigs,spring onions,1,Not perfect
17458,942889373,baking powder,woodpigeon,0,Not perfect
17470,1311176287,peach pie filling,peach gelatin,1,Not perfect
17535,899071365,baking powder,woodpigeon,0,Not perfect
17575,264737525,pasta like spaghetti,spaghetti sauce,1,Not perfect
17608,218945456,baileys,basil,0,Not perfect
17612,1187434324,oreo crumbs,turmeric,0,Not perfect
17617,184678210,halfandhalf,half-and-half,0,Not perfect
17630,720073559,reeses peanut butter cups,unsalted peanut butter,2,Not perfect
17657,1472297807,reduced fat cheddar cheese,white cheddar cheese,2,Not perfect
17699,611043128,all purpose flour,all-purpose flour,1,Not perfect
17726,724180413,baking powder,woodpigeon,0,Not perfect
17733,17021498,spices paprika powder ,red paprika,1,Not perfect
17736,156437698,baking powder,woodpigeon,0,Not perfect
17763,1377799505,kosher salt and ground pepper,coarse ground pepper,2,Not perfect
17771,1502894748,variety of mushrooms,oyster mushrooms,1,Not perfect
17777,1924820348, cooking cream,coconut cream,1,Not perfect
17778,1924820348,extra virgin oil,garlic oil,1,Not perfect
17787,1814775528,flat leaf parsley,parsley leaves,1,Not perfect
17797,999018255,round buttery crackers,butter crackers,1,Not perfect
17800,999018255,old bay seasoning,thai seasoning,1,Not perfect
17819,1173411315,flat leaf parsley,parsley leaves,1,Not perfect
17822,1173411315,kosher salt and pepper,coarse kosher salt,2,Not perfect
17839,438130960,aged provolone,woodpigeon,0,Not perfect
17840,438130960,herbed parmesan drop biscuits,ratafia biscuits,1,Not perfect
17861,433869903,vin santo,wonton,0,Not perfect
17875,1668881006,strawberry rhubarb compote,strawberry sorbet,1,Not perfect
17928,856080819,grape seed oil,grapeseed oil,1,Not perfect
17951,653891157,all purpose flour,all-purpose flour,1,Not perfect
17969,1323140201,bay leaves,wensleydale,0,Not perfect
17997,758068892,crme de cocoa,unsweetened cocoa,1,Not perfect
18001,758068892,martini glasses,snails,0,Not perfect
18089,1620710024,all purpose flour,all-purpose flour,1,Not perfect
18110,317460611,brownies,brownie,0,Not perfect
18132,873905402,baking powder,woodpigeon,0,Not perfect
18168,89153065,wright brand hickory bacon,turkey bacon,1,Not perfect
18178,940502888,whipped topping,pinipig,0,Not perfect
18181,702490941,glugs of olive oil,virgin olive oil,2,Not perfect
18186,702490941,optional few of cheese we use sheeps milk,sweet milk,1,Not perfect
18187,1187434434,baking powder,woodpigeon,0,Not perfect
18212,1032591120,protein powder,pernod,0,Not perfect
18230,200877250,fivespice powder,zander,0,Not perfect
18232,200877250,spare ribs,raspberries,0,Not perfect
18257,1196992571,parmigianoreggiano,parmigiano,0,Not perfect
18275,325342600,chipotles in adobo,woodpigeon,0,Not perfect
18322,359311633,onion shopping list,onion tops,1,Not perfect
18323,359311633,redorangegreen bell pepper shopping list,orange bell pepper,2,Not perfect
18324,359311633,peascarrots mix shopping list,topping mix,1,Not perfect
18325,359311633,chillies shopping list,bird's-eye chillies,1,Not perfect
18326,359311633,tofu shopping list,tofu puffs,1,Not perfect
18328,359311633,garlic shopping list,wild garlic,1,Not perfect
18329,359311633,mustard seeds shopping list,yellow mustard seeds,2,Not perfect
18333,359311633,turmeric shopping list,turmeric powder,1,Not perfect
18334,359311633,lemon shopping list,lemon-lime soda,1,Not perfect
18335,359311633,salt shopping list,pickling salt,1,Not perfect
18336,359311633,cilantro washedfinely shopping list,fresh cilantro,1,Not perfect
18337,359311633,indian breadcrumbs shopping list,wheat breadcrumbs,1,Not perfect
18338,359311633,vegetable oil shopping list,light vegetable oil,2,Not perfect
18339,359311633,pam original flavor shopping list,ziti,0,Not perfect
18342,359311633,cilantro shopping list,cilantro sprigs,1,Not perfect
18343,359311633,mintcilantro chutney spread shopping list,tomato chutney,1,Not perfect
18345,1674180855,arnkha msc caviar substitute,sevruga caviar,1,Not perfect
18375,986730540,dulce de leche,wensleydale,0,Not perfect
18382,1797017288,baking powder,woodpigeon,0,Not perfect
18410,942592349,baking powder,woodpigeon,0,Not perfect
18434,740471417,spice islands co,spiced pecans,1,Not perfect
18441,740471417,spice islands tarragon,tarragon sprigs,1,Not perfect
18449,892759508,hass avocados,soda,0,Not perfect
18472,374306684,from half bunch of kale,sea kale,1,Not perfect
18499,1618579919,optional rashers bacon,rindless bacon,1,Not perfect
18524,1042057926,lucuma powder,remoulade,0,Not perfect
18559,1169654128,freshly dungeness crabs,blue crabs,1,Not perfect
18599,1261253616,active dry yeast,yeast extract,1,Not perfect
18603,1261253616,feta,fat,0,Not perfect
18613,1068366886,evoo,oleo,0,Not perfect
18654,1435080085,vegan buttery spread,sweetbread,0,Not perfect
18655,1435080085,vegan cheddar shreds,cheddar cheese,1,Not perfect
18663,1757483355,self raising flour,semolina flour,1,Not perfect
18688,771533230,half half,half-and-half,0,Not perfect
18696,771533230,old bay,zabaglione,0,Not perfect
18712,847504350,fries,frisee,0,Not perfect
18721,847504350,tomato sauce tomato paste,contadina tomato paste,2,Not perfect
18786,714453254,flesh of avocados,zabaglione,0,Not perfect
18802,1259801429,additional scallion tops,scallion greens,1,Not perfect
18809,1845510178,herbes de provence,preserve,0,Not perfect
18867,1589958168,xocai healthy chocolate nuggets,hugs chocolate,1,Not perfect
18905,1980925783,bel gioioso mozzarella,mozzarella stick,1,Not perfect
18932,185754875,active dry yeast,yeast extract,1,Not perfect
18935,185754875,baking powder,woodpigeon,0,Not perfect
18963,208299240,halfandhalf,half-and-half,0,Not perfect
18978,592136550,cream of tartar,pastry cream,1,Not perfect
18984,592136550,food coloring,ogonori,0,Not perfect
19000,75518043,onion cut pieces,sweet onion,1,Not perfect
19015,752010311,sauvignon blanc white wine,white wine vinegar,2,Not perfect
19022,1620745239,baking powder,woodpigeon,0,Not perfect
19056,1644315004,daiya wedge,wensleydale,0,Not perfect
19058,1644315004,earth balance coconut spread,unsweetened coconut,1,Not perfect
19072,1644315004,daiya,pitaya,0,Not perfect
19106,1834376080,baking powder,woodpigeon,0,Not perfect
19123,113708001,half half,half-and-half,0,Not perfect
19125,113708001,coffee try starbucks via,strong coffee,1,Not perfect
19140,1517032266,baking powder,woodpigeon,0,Not perfect
19151,590097313,fruits,fruit,0,Not perfect
19171,888769011,baking powder,woodpigeon,0,Not perfect
19174,888769011,preferred milk alternative,evaporated milk,1,Not perfect
19180,888769011,xanthan gum,tuna,0,Not perfect
19181,834146114,all purpose flour,all-purpose flour,1,Not perfect
19191,1258544651,roquette arugula lettuce,sea lettuce,1,Not perfect
19206,1139776591,cool whip,wolfchili,0,Not perfect
19227,365141307,rice vermicelli soaked in water,vermicelli rice noodle,2,Not perfect
19238,365141307,birds eye chillies,bird's-eye chillies,1,Not perfect
19239,365141307,candlenuts,candlenut,0,Not perfect
19251,1218890952,baking powder,woodpigeon,0,Not perfect
19261,485227464,swanson premium chicken,minced chicken,1,Not perfect
19267,737717641,bamboo skewers soaked in,zucchini,0,Not perfect
19285,70570282,baking powder,woodpigeon,0,Not perfect
19290,1969726286,baking powder,woodpigeon,0,Not perfect
19299,1969726286,drop natural food coloring,woodpigeon,0,Not perfect
19300,1969726286,grape seed oil,grapeseed oil,1,Not perfect
19301,1969726286,ground flax,walnut,0,Not perfect
19310,1969726286,powdered xylitol,trefoil,0,Not perfect
19359,1541865670,biscuit type crackers,wheat crackers,1,Not perfect
19363,1750855780,coconut bliss smoothie,moist coconut,1,Not perfect
19372,1826775986,vanilla coconut milk or,light coconut milk,2,Not perfect
19376,1826775986,xylito,oxtail,0,Not perfect
19385,453372696,leafs of basil,basil leaf,1,Not perfect
19391,453372696,cajun seasonings,seasoning,0,Not perfect
19412,1438401527,precooked vegetable noodles,wheat noodles,1,Not perfect
19429,951700744,flat iron steak,venison steak,1,Not perfect
19455,318570564,a squirt sriracha,sriracha sauce,1,Not perfect
19456,318570564,block lite tofu,silken tofu,1,Not perfect
19479,387395243,crust,citrus,0,Not perfect
19511,478822967,regular bok choy,yoghurt,0,Not perfect
19528,1565996295,cheese such as gorgonzola,gorgonzola dolce,1,Not perfect
19530,1565996295,bright colored bell pepper,yellow bell pepper,2,Not perfect
19542,976244162,baking powder,woodpigeon,0,Not perfect
19595,43950624,baking powder,woodpigeon,0,Not perfect
19604,340766614,halfandhalf,half-and-half,0,Not perfect
19617,1015487996,bay leaves,wensleydale,0,Not perfect
19642,1516622648,raimondo sicilian lemon balsamic vinegar,white balsamic vinegar,2,Not perfect
19674,842269766,tomato paste can be subbed,sun-dried tomato paste,2,Not perfect
19696,846650887,peel,eel,0,Not perfect
19703,1357150318,all purpose flour,all-purpose flour,1,Not perfect
19704,1357150318,baking powder,woodpigeon,0,Not perfect
19710,1357150318,rolos,loroco,0,Not perfect
19711,1160885764,bow tie pasta,bow-tie pasta,1,Not perfect
19729,408632633,couple of pepper flakes,red pepper flakes,2,Not perfect
19757,205604526,herbes de provence,preserve,0,Not perfect
19763,205604526,sesame seeds to decorate,white sesame seeds,2,Not perfect
19765,205604526,colorful tartar on a bed of vegetables also an touch,stew vegetables,1,Not perfect
19773,1712957694,poppyseed filling,zinfandel,0,Not perfect
19803,1112965331,great northern beans,runner beans,1,Not perfect
19818,1367659973,baking powder,woodpigeon,0,Not perfect
19858,97206255,tortilla chip crumbs,tortilla chips,1,Not perfect
19869,520865502,whipped topping,pinipig,0,Not perfect
19880,428698204,steel cut oats,steel-cut oats,1,Not perfect
19924,1287193990,dales seasoning sauce,salad seasoning,1,Not perfect
19946,1911878787,balsamic reduction,whitecurrant,0,Not perfect
19959,1788346054,loves of garlic,garlic cloves,1,Not perfect
19971,30781352,baking powder,woodpigeon,0,Not perfect
19994,1690930892,mild,dill,0,Not perfect
20009,762415182,baking powder,woodpigeon,0,Not perfect
20027,1098391213,chow mein noodles,rice noodles,1,Not perfect
20040,1098391213,sugar snap peas,sugar-snap pea,1,Not perfect
20054,650967929,pacific halibut filets,halibut steak,1,Not perfect
20058,650967929,dusting of garlicpepper,tripe,0,Not perfect
20065,794673593,olive oil and brush,pure olive oil,2,Not perfect
20069,1276859585,stockbrothwater,shortcake,0,Not perfect
20080,1276859585,eachs bay leaves,wensleydale,0,Not perfect
20084,1158644047,chocolate of at least cocoa parts,chocolate star,1,Not perfect
20091,1980811525,baking powder,woodpigeon,0,Not perfect
20106,275664668,monterrey jack and cheddar cheese,white cheddar cheese,2,Not perfect
20109,125568444,all purpose flour,all-purpose flour,1,Not perfect
20110,125568444,baking powder,woodpigeon,0,Not perfect
20112,125568444, belgium chocolate,milk chocolate,1,Not perfect
20115,125568444,cream of tartar,pastry cream,1,Not perfect
20130,1827038895,all of these herbs,mixed herbs,1,Not perfect
20145,330535354,sausage without the casing,hog casings,1,Not perfect
20169,761716024,feta,fat,0,Not perfect
20204,167414560,basil in ribbons,basil oil,1,Not perfect
20236,1141660355,flat leaf parsley,parsley leaves,1,Not perfect
20242,1141660355,reduced sodium chicken broth,organic chicken broth,2,Not perfect
20283,1093000547,herbes de provence,preserve,0,Not perfect
20324,372429758,food coloring,ogonori,0,Not perfect
20333,1488259769,all purpose flour,all-purpose flour,1,Not perfect
20390,1239959087,petals from dandelion flowers,dandelion flower,1,Not perfect
20408,437119396,fried tortilla strips,tortilla wraps,1,Not perfect
20491,1947409127,baking powder,woodpigeon,0,Not perfect
20494,1947409127,crme fraiche and slivered almond,sliced almond,1,Not perfect
20499,1947409127,vanillabean lengthwise seeds scraped,nigella seeds,1,Not perfect
20501,295724624,all purpose flour,all-purpose flour,1,Not perfect
20502,295724624,baking powder,woodpigeon,0,Not perfect
20563,611516015,feta,fat,0,Not perfect
20625,903669952,baking powder,woodpigeon,0,Not perfect
20629,903669952,cheddar cheese and monterrey jack cheese,monterey jack cheese,2,Not perfect
20665,388322866,all purpose flour,all-purpose flour,1,Not perfect
20686,339553771,evoo,oleo,0,Not perfect
20694,339553771,pepperoncinis,pepperoncini,0,Not perfect
20708,33435637,thumblength quill of cinnamon,ground cinnamon,1,Not perfect
20712,33435637,freshly milled pepper,pepper jelly,1,Not perfect
20734,288527005,grana padano cheese,yogurt cheese,1,Not perfect
20738,288527005,fromage frais,fraise,0,Not perfect
20739,202266062,baking powder,woodpigeon,0,Not perfect
20748,1556925710,all purpose flour,all-purpose flour,1,Not perfect
20773,731136906,spicy paprika powder,red paprika,1,Not perfect
20777,216027478,self raising flour,semolina flour,1,Not perfect
20785,627010613,all spice powder,powdered allspice,1,Not perfect
20786,627010613,all purpose flour,all-purpose flour,1,Not perfect
20787,627010613,baking powder,woodpigeon,0,Not perfect
20804,857782058,bay leaves,wensleydale,0,Not perfect
20843,1397022928,baking powder,woodpigeon,0,Not perfect
20845,1397022928,dutch process cocoa,cocoa powder,1,Not perfect
20863,1545549818,great northern beans,runner beans,1,Not perfect
20894,340261924,bar of cream cheese,cream cheese spread,2,Not perfect
20897,340261924,flat leaf parsley,parsley leaves,1,Not perfect
20914,1085060370,parm,ramp,0,Not perfect
20948,525483641,baking powder,woodpigeon,0,Not perfect
20953,525483641,premier protein,tripoline,0,Not perfect
20958,1752427512,baking powder,woodpigeon,0,Not perfect
20980,1429112973,imitation crab meatshrimp,imitation crabmeat,1,Not perfect
20982,1429112973,sriracha saucered pepper flakes if desired,red pepper flakes,2,Not perfect
20993,1784476034,bay leaves,wensleydale,0,Not perfect
21025,1663789521,no boil lasagna noodles,wheat lasagna noodles,2,Not perfect
21074,781007651,baking powder,woodpigeon,0,Not perfect
21085,781007651,note i used oranges,seville oranges,1,Not perfect
21088,1166627071,old fashioned oats,old-fashioned oats,1,Not perfect
21089,1166627071,reduced fat cheddar cheese,white cheddar cheese,2,Not perfect
21093,573599424,dulce de leche ice cream,peach ice cream,2,Not perfect
21114,1180916611,vegeta bouillon plus of water,watermelon juice,1,Not perfect
21129,875295748,swiss cheese ounces cheddar eggs,processed swiss cheese,2,Not perfect
21136,875295748,dissolve yeast and sugar in,white sugar,1,Not perfect
21137,875295748,twist and ends together to make a rough knob cover,watercress,0,Not perfect
21146,114552396,scotch bonnet peppers,yellow peppers,1,Not perfect
21164,352894295,flavor concentrated seafood broth,seafood stock,1,Not perfect
21193,876842602,half of a seasoning cube,vegetable seasoning,1,Not perfect
21195,876842602,bulb of onion,yellow onion,1,Not perfect
21196,876842602,sprinkle of parsley,parsley flakes,1,Not perfect
21197,876842602,pepper soup spice,sichuan pepper,1,Not perfect
21206,1257503197,sundried tomato artichoke tuna casserole serves,jerusalem artichokes,1,Not perfect
21236,114582488,egg to glaze,large egg,1,Not perfect
21238,114582488,creme fraiche,cream,0,Not perfect
21245,77555445,cream of tartar,pastry cream,1,Not perfect
21253,1780751162,havarti,raita,0,Not perfect
21299,1483721536,all purpose flour,all-purpose flour,1,Not perfect
21326,362294945,wooden skewers,skewer,0,Not perfect
21327,1989304125,package puff pastry crusts,puff pastry sheets,2,Not perfect
21355,853042040,baking powder,woodpigeon,0,Not perfect
21370,548025975,other shortgrain rice,short-grain rice,1,Not perfect
21386,258729809,saltpepper,apples,0,Not perfect
21391,258729809,spinach and tomato,canned tomato,1,Not perfect
21403,1132752709,pimiento stuffed olives,pitted olives,1,Not perfect
21428,1298641521,baking powder,woodpigeon,0,Not perfect
21438,1283959179,baking potaotes,tostado,0,Not perfect
21442,1283959179,flat leaf parsley,parsley leaves,1,Not perfect
21458,1400232823,non fat yogurt,mango yogurt,1,Not perfect
21461,1763955756,reduced fat mayonnaise,tofu mayonnaise,1,Not perfect
21466,1763955756,won ton wrappers,wraps,0,Not perfect
21471,967522073,half and half,half-and-half,0,Not perfect
21481,1491327298,halfandhalf,half-and-half,0,Not perfect
21510,554915583,salt to fillet fish,yellowtail fish fillet,2,Not perfect
21511,554915583,ground pepper to fillet fish,yellowtail fish fillet,2,Not perfect
21514,554915583,eggs the egg yolk from,large egg yolk,2,Not perfect
21515,554915583,all purpose flour and a little more,millet flour,1,Not perfect
21523,35513906,bay leaves,wensleydale,0,Not perfect
21541,1119191329,parsleycoriander leaves,escarole,0,Not perfect
21554,454391203,all purpose flour,all-purpose flour,1,Not perfect
21572,701284802,baby back ribs,wasabi,0,Not perfect
21639,1282456869,baking powder,woodpigeon,0,Not perfect
21659,1985893655,blackcurrants,currants,0,Not perfect
21661,458694823,bay leaves,wensleydale,0,Not perfect
21683,518766670,diestel breakfast sausage,breakfast sausages,1,Not perfect
21690,1170645419,amchoor powder,reposado,0,Not perfect
21708,327980350,active dry yeast,yeast extract,1,Not perfect
21728,695474730,potatoes remove skin,new potatoes,1,Not perfect
21750,517659728,baking powder,woodpigeon,0,Not perfect
21778,23632869,handcraft pinot noir,tripoline,0,Not perfect
21779,23632869,ghirardelli ground cocoa,hot cocoa,1,Not perfect
21781,23632869,baking powder,woodpigeon,0,Not perfect
21866,815799417,skewers,skewer,0,Not perfect
21893,285888023,gy a wrappers,wraps,0,Not perfect
21919,649553736,coriandercilantro,coriander,0,Not perfect
21927,649553736, oz shrimp,shrimp stock,1,Not perfect
21935,171429801,provolone,oleo,0,Not perfect
21962,1909659482,baking powder,woodpigeon,0,Not perfect
21998,1258521332,yu choy,shoyu,0,Not perfect
22025,818154187,baking powder,woodpigeon,0,Not perfect
22051,1584415848,butter to grease the ramekins,sesame butter,1,Not perfect
22059,1584415848,splash of vanilla extract,real vanilla extract,2,Not perfect
22065,1718776061,top round,udon,0,Not perfect
22087,1784803650,combine everything in a bowl and chill,zucchini,0,Not perfect
22088,1674733957,baking powder,woodpigeon,0,Not perfect
22131,512478295,brown suger,watercress,0,Not perfect
22156,372948148,cardamoms elaichi,zucchini,0,Not perfect
22172,1594908859,ears of corn,frozen corn,1,Not perfect
22212,1373283440,ears of corn boil and from the cob,ature corn cob,2,Not perfect
22242,1370748355,kosher salt and pepper,coarse kosher salt,2,Not perfect
22253,228511248,orange gel icing,orange gelatin,1,Not perfect
22254,228511248,additional supplies to decorate snowmen,woodpigeon,0,Not perfect
22263,1234094268,herbes de provence,preserve,0,Not perfect
22274,1994124536,circular cookie cutters,sugar cookie,1,Not perfect
22280,794362560,baking powder,woodpigeon,0,Not perfect
22286,794362560,pink food coloring,ogonori,0,Not perfect
22295,1435656416,all purpose flour,all-purpose flour,1,Not perfect
22296,1435656416,baking powder,woodpigeon,0,Not perfect
22312,1968005175,baking powder,woodpigeon,0,Not perfect
22329,13688188,baking powder,woodpigeon,0,Not perfect
22345,1277706702,baking powder,woodpigeon,0,Not perfect
22402,134630524,pasilla chile powder,chile pods,1,Not perfect
22412,134630524,carrot and celery sticks,celery stick,1,Not perfect
22433,717699145,baking powder,woodpigeon,0,Not perfect
22439,701616520,all purpose flour,all-purpose flour,1,Not perfect
22472,376762717,pack maggi so herbs,maggi seasoning,1,Not perfect
22480,1975035898,baby bok choy leaves,zabaglione,0,Not perfect
22508,610100296,big of ginger,old ginger,1,Not perfect
22521,325640190,roll of pizza dough,wheat pizza dough,2,Not perfect
22524,896538781,all purpose flour,all-purpose flour,1,Not perfect
22529,896538781,granny smith apples,tart apples,1,Not perfect
22535,948969157,cream of tartar,pastry cream,1,Not perfect
22554,1411384532,all purpose flour,all-purpose flour,1,Not perfect
22555,1411384532,baking powder,woodpigeon,0,Not perfect
22567,652225113,baking powder,woodpigeon,0,Not perfect
22584,1752202730,baking powder,woodpigeon,0,Not perfect
22611,1653309841,tomatoes and chilis,vine tomatoes,1,Not perfect
22613,1653309841,mexican cheddar jack cheese,white cheddar cheese,2,Not perfect
22634,186070458,evoo,oleo,0,Not perfect
22642,1112440138,pink lady apples,red apples,1,Not perfect
22643,1112440138,pom wonderful pomegranate juice,unsweetened pomegranate juice,2,Not perfect
22681,1074371049,hass avocados,soda,0,Not perfect
22759,298813923,adobo chipotle pepper juice,powdered chipotle pepper,2,Not perfect
22760,298813923,adobo chipotle pepper puree,powdered chipotle pepper,2,Not perfect
22840,1768372635,chocolate and hazelnuts,ground hazelnuts,1,Not perfect
22847,956333792,queso fresco,fructose,0,Not perfect
22882,1109412905,all purpose flour,all-purpose flour,1,Not perfect
22899,1328866332,baking powder,woodpigeon,0,Not perfect
22918,1324567966,bay leaves,wensleydale,0,Not perfect
22922,1324567966,halfandhalf,half-and-half,0,Not perfect
22944,1462040392,bulb of onions,spring onions,1,Not perfect
22946,1462040392,finger of plantain,green plantains,1,Not perfect
22950,323450603,baking powder,woodpigeon,0,Not perfect
22971,1289098923,baking powder,woodpigeon,0,Not perfect
23020,967158562,angel hair pasta,short pasta,1,Not perfect
23050,1597839705,strips,pastis,0,Not perfect
23066,1597839705,ovalette,alouette,0,Not perfect
23067,1103800788,lasagna noodles according to package instructions,wheat lasagna noodles,2,Not perfect
23072,1103800788,batch of best ever spaghetti sauce,meatless spaghetti sauce,2,Not perfect
23079,350417675,grands flaky refrigerator biscuits,ratafia biscuits,1,Not perfect
23141,1666905389,flour and tbsp,spelt flour,1,Not perfect
23146,868491739,chipotles in adobo,woodpigeon,0,Not perfect
23159,55975621,cream of tartar,pastry cream,1,Not perfect
23194,1772385592,spring mix of spinach,water spinach,1,Not perfect
23213,407446463,unbleached,chanterelle,0,Not perfect
23214,407446463,baking powder,woodpigeon,0,Not perfect
23236,952393012,bunchs of kale,sea kale,1,Not perfect
23252,1175242398,globe,bagel,0,Not perfect
23265,1532585490,bok choy,choco-bake,0,Not perfect
23340,1170755831,cabernet,nectarine,0,Not perfect
23342,1170755831,maui maid teriyaki,vitamin,0,Not perfect
23344,1170755831,saltpepper,apples,0,Not perfect
23345,1170755831,u maine diver scallops,veal scallops,1,Not perfect
23354,1356571698,greek,fenugreek,0,Not perfect
23365,740669952,baking powder,woodpigeon,0,Not perfect
23377,169589378,baking powder,woodpigeon,0,Not perfect
23392,1470674666,baking powder,woodpigeon,0,Not perfect
23432,1484253814,xylitol,oxtail,0,Not perfect
23433,1347807424,baking powder,woodpigeon,0,Not perfect
23449,1841775489,tamarind lemon size,lemon-lime soda,1,Not perfect
23452,1841775489,pepper corns tsp,white peppercorn,1,Not perfect
23473,1543219560,very few onion,yellow onion,1,Not perfect
23488,1012936682,half half,half-and-half,0,Not perfect
23498,1584441034,when you are ready to grill,yel,0,Not perfect
23522,676882246,baking powder,woodpigeon,0,Not perfect
23529,1589181282,baking powder,woodpigeon,0,Not perfect
23575,1927031224,couple of of pepper flakes,red pepper flakes,2,Not perfect
23578,1170253812,all purpose flour,all-purpose flour,1,Not perfect
23580,1170253812,baking powder,woodpigeon,0,Not perfect
23595,1822095743,zaatar,za'atar,0,Not perfect
23613,1478609997,baking powder,woodpigeon,0,Not perfect
23624,1191110527,baking powder,woodpigeon,0,Not perfect
23648,427007444,ea hamburger rolls,lean hamburger,1,Not perfect
23650,579381370,rice krispies cereal,crispix cereal,1,Not perfect
23658,152372499,greek feta,toffee,0,Not perfect
23675,1079095069,bay leaves,wensleydale,0,Not perfect
23682,1079095069,all purpose flour,all-purpose flour,1,Not perfect
23691,1588896704,montery jack cheddar cheese mix,white cheddar cheese,2,Not perfect
23692,1588896704,jalapenos,jalapeno,0,Not perfect
23710,1939819666,sugar cane grand cru swatziland waves of sugar,raw cane sugar,2,Not perfect
23713,1939819666,baking powder,woodpigeon,0,Not perfect
23723,1755692969,smart balance heart right,zucchini,0,Not perfect
23724,1356889098,chipotle chiles in adobo,chipotle chile,1,Not perfect
23735,1356889098,wedges of laughing cow swiss cheese,smoked swiss cheese,2,Not perfect
23738,125565009,all purpose flour,all-purpose flour,1,Not perfect
23739,125565009,angel hair pasta,short pasta,1,Not perfect
23745,125565009,kosher salt and pepper,coarse kosher salt,2,Not perfect
23774,1005422212,bay leaves,wensleydale,0,Not perfect
23818,763598973, lb of fettuccini pasta,rotini pasta,1,Not perfect
23824,763598973,lots of pepper,yellow pepper,1,Not perfect
23830,1543254980,baking powder,woodpigeon,0,Not perfect
23836,1712086279,apple from a local tree if possible,yellow apple,1,Not perfect
23849,1642143695,pc organics roasted garlic and herbs quinoa,roasted garlic clove,2,Not perfect
23861,1665911689,salad to serve,salad leaves,1,Not perfect
23888,787779044,brie,bilberries,0,Not perfect
23910,325929513,grana padano cheese,yogurt cheese,1,Not perfect
23956,1370755207,baby bella mushrooms,wild mushrooms,1,Not perfect
23977,1892931600,baking powder,woodpigeon,0,Not perfect
23988,1426684951,vegetables we prefer peas and carrots,pickled carrots,1,Not perfect
23991,1426684951,pie crusts,piecrust,0,Not perfect
24032,1471269696,great northern beans,runner beans,1,Not perfect
24072,1838335984,coconut milk if you can find it,frozen coconut milk,2,Not perfect
24079,548344840,grana padano cheese,yogurt cheese,1,Not perfect
24090,1976934409,glugs of olive oil,virgin olive oil,2,Not perfect
24098,109542400,baking powder,woodpigeon,0,Not perfect
24121,646828052,protein powder,pernod,0,Not perfect
24128,1576693303,doubleacting baking powder,woodpigeon,0,Not perfect
24195,1980702545,creme fraiche,cream,0,Not perfect
24201,437411349,double action baking powder,woodpigeon,0,Not perfect
24232,1422602618,sugared pecans make these the day before,spiced pecans,1,Not perfect
24281,122851618,drizzle of olive oil,pure olive oil,2,Not perfect
24284,129390326,parmigianoreggiano,parmigiano,0,Not perfect
24293,187599958,full cream milk,full-cream milk,1,Not perfect
24316,1619041968,baking powder,woodpigeon,0,Not perfect
24319,1619041968,prune cut to pieces,prune puree,1,Not perfect
24325,1619041968,line a square cake tin,white cake,1,Not perfect
24326,1619041968,line a cake tin,white cake,1,Not perfect
24336,277134417,duncan hines devils food cake,pound cake,1,Not perfect
24347,705334251,cool whip,wolfchili,0,Not perfect
24360,772830343,baking powder,woodpigeon,0,Not perfect
24377,1990664613,all purpose flour,all-purpose flour,1,Not perfect
24402,713892849,pepperidge farm dressing,zesty dressing,1,Not perfect
24403,713892849,enough to be able to handle easily,zabaglione,0,Not perfect
24432,1952505956,chilies use jalapenos if desire more spicy,spices,0,Not perfect
24441,1952505956,reduced fat mexican blend cheese,four-cheese mexican blend cheese,3,Not perfect
24461,673549195,baking powder,woodpigeon,0,Not perfect
24466,673549195,jucie of lemons,zinfandel,0,Not perfect
24502,192051566,tobanjan,baton,0,Not perfect
24513,1977046143,la victoria chile verde enchilada sauce,red enchilada sauce,2,Not perfect
24560,12548391,butter vanilla bakery emulsion,buttermilk cornbread,1,Not perfect
24573,420691605,psyllium fibre husks,psyllium husk,1,Not perfect
24584,420691605,equivalent of eggs in energ egg replacer powder,free-range egg,1,Not perfect
24597,93009919,all purpose flour,all-purpose flour,1,Not perfect
24612,93009919,chai concentrate,nectarine,0,Not perfect
24640,1124449495,spinach and arugula,baby arugula,1,Not perfect
24651,671593122,butternut squash and cubes,butternut squash soup,2,Not perfect
24659,1327716549,drizzle of olive oil,pure olive oil,2,Not perfect
24661,1327716549,several springs of rosemary,rosemary sprigs,1,Not perfect
24662,1327716549,sprinkle of sea salt,sea salt flakes,2,Not perfect
24673,1939062880,baking powder,woodpigeon,0,Not perfect
24686,1826603768,baking powder,woodpigeon,0,Not perfect
24692,1826603768,food colouring,ogonori,0,Not perfect
24694,1826603768,brown and orange mms,mandarin orange,1,Not perfect
24699,1644470700,baby corns,soybean,0,Not perfect
24719,813619336,sambal oelek,sole,0,Not perfect
24727,815514195,pd of lentils,yellow lentils,1,Not perfect
24767,82377138,shrimp get them,shrimp meat,1,Not perfect
24791,170378737,culinary lavender buds,lavender bud,1,Not perfect
24833,154575935,refriger pizza crust dough,refrigerated pizza crust,2,Not perfect
24838,861787208,all purpose flour,all-purpose flour,1,Not perfect
24842,861787208,baking powder,woodpigeon,0,Not perfect
24856,434500392,digestive biscuits crumbs,buttermilk biscuits,1,Not perfect
24918,1229165390,bay leaves,wensleydale,0,Not perfect
24949,1908831780,all purpose flour,all-purpose flour,1,Not perfect
24988,1186929997,baking powder,woodpigeon,0,Not perfect
25012,1441413812,all purpose flour,all-purpose flour,1,Not perfect
25015,1441413812,baking powder,woodpigeon,0,Not perfect
25026,1709068501,pie crust,piecrust,0,Not perfect
25027,1709068501,sleeve of graham crackers,wheat crackers,1,Not perfect
25038,1709068501,pie topping,pigeon,0,Not perfect
25070,512871526,flat leaf parsley,parsley leaves,1,Not perfect
25082,363670565,finger of plantain,green plantains,1,Not perfect
25096,467956088,flour to dust,potato flour,1,Not perfect
25100,1110384995,all purpose flour plus rounded tablespoon,all-purpose flour,1,Not perfect
25103,1110384995,baking powder,woodpigeon,0,Not perfect
25113,1110384995,approximately of turbonado sugar,turbinado sugar,1,Not perfect
25135,737167448,baking powder,woodpigeon,0,Not perfect
25170,859988302,prebaked pie crust,watercres,0,Not perfect
25192,436853283,baking powder,woodpigeon,0,Not perfect
25214,1960847544,kosher salt and coarsely ground pepper,fresh ground pepper,2,Not perfect
25215,764080422,paneer,pear,0,Not perfect
25228,764080422,kashmiri mirch,chimichurri,0,Not perfect
25229,1130082476,all purpose flour,all-purpose flour,1,Not perfect
25272,1694297001,baking powder,woodpigeon,0,Not perfect
25288,164912873,vanilla pudding serving size,vanilla pudding mix,2,Not perfect
25291,164912873,cool whip,wolfchili,0,Not perfect
25292,212375366,bay leaves,wensleydale,0,Not perfect
25310,1001297033,cheese tortellini by buitoni,wheat cheese tortellini,2,Not perfect
25313,1001297033,parmiggiano reggiano,parmigiano,0,Not perfect
25338,391727583,half an onion,vidalia onion,1,Not perfect
25347,1432804391,individual string cheese sticks,yogurt cheese,1,Not perfect
25385,1725188174,baking powder,woodpigeon,0,Not perfect
25407,371681439,franks,frank,0,Not perfect
25413,262997146,unwaxed lemons,somen,0,Not perfect
25427,175313757,pomi strained tomato sauce,mexican tomato sauce,2,Not perfect
25428,1771419438,all purpose flour,all-purpose flour,1,Not perfect
25430,1771419438,baking powder,woodpigeon,0,Not perfect
25447,556892838,baking powder,woodpigeon,0,Not perfect
25458,1400142995,baking powder,woodpigeon,0,Not perfect
25474,527392278,baking powder,woodpigeon,0,Not perfect
25521,482224682,lap cheong,manchego,0,Not perfect
25538,1897234257,cumin seedsground cumin,cumin seed,1,Not perfect
25577,1823258837,shavings of parmesan into each bowl at serving,asiago-parmesan cheese,1,Not perfect
25626,1425690729,tea spoon of vanilla extract,real vanilla extract,2,Not perfect
25631,1326818115,salt and pepper to tatse,salted butter,1,Not perfect
25667,1992009724,less than of salt,hot salt,1,Not perfect
25670,277966357,baking powder,woodpigeon,0,Not perfect
25682,1707327574,flavor concentrated chicken broth,organic chicken broth,2,Not perfect
25690,759805080,bay leaves,wensleydale,0,Not perfect
25720,591610817,new mexico chili powder,mexican chili powder,2,Not perfect
25751,1758639745,yolk,molokheyya,0,Not perfect
25756,1215414696,bok choy,choco-bake,0,Not perfect
25774,1183604306,fries,frisee,0,Not perfect
25847,485816933,serano chiles,zucchini,0,Not perfect
25848,485816933,bunch of cilantro,ground cilantro,1,Not perfect
25860,1367905984,baking powder,woodpigeon,0,Not perfect
25887,1042925719,cream of tartar,pastry cream,1,Not perfect
25889,1042925719,oreo,roe,0,Not perfect
25894,973172075,chilis,chili,0,Not perfect
25959,1418575749,chocolatemelted in a bain marie,watermelon,0,Not perfect
25962,1418575749,pie crust,piecrust,0,Not perfect
25986,218787429,splash of red wine vinegar,garlic red wine vinegar,3,Not perfect
25990,218787429,flat leaf parsley,parsley leaves,1,Not perfect
25991,1990478815,apples preferably jonathan,cortland apples,1,Not perfect
26026,902459909,juice from half a lemon,frozen lemon juice,2,Not perfect
26054,435340803,gr of peas,yellow peas,1,Not perfect
26074,939953909,baking powder,woodpigeon,0,Not perfect
26096,750195489,crayfish,crawfish,0,Not perfect
26143,1008005735,country crock buttery spread,zander,0,Not perfect
26159,1895788913,combination of water,tonic water,1,Not perfect
26161,1895788913,cortido,dorito,0,Not perfect
26170,901,ground flaxseeds,wensleydale,0,Not perfect
26175,902,packet frozen acai,za'atar,0,Not perfect
